"Participant","TrialNum","n_frames","has_time","t0","t1","duration_sec","dt","mean_markers","median_markers","max_markers","pct_frames_16plus"
"P1.2",1,1070,TRUE,0,10.69,10.69,0.00999999999999979,8.11869158878502,3,19,31.9626168224299
"P1.2",2,838,TRUE,0,8.37,8.37,0.00999999999999979,11.5644391408115,14,19,47.255369928401
"P1.2",3,658,TRUE,0,6.57,6.57,0.01,12.69452887538,16,19,51.063829787234
"P1.2",4,525,TRUE,0,5.24,5.24,0.01,15.2533333333333,18,19,63.047619047619
"P1.2",5,872,TRUE,0,8.71,8.71,0.00999999999999979,12.269495412844,15,19,45.6422018348624
"P1.2",6,542,TRUE,0,5.41,5.41,0.01,13.9981549815498,18,19,58.6715867158672
"P1.2",7,539,TRUE,0,5.38,5.38,0.01,13.1948051948052,17,19,58.2560296846011
"P1.2",8,946,TRUE,0,9.45,9.45,0.00999999999999979,10.0084566596195,7,19,39.323467230444
"P1.2",9,538,TRUE,0,5.37,5.37,0.01,14.228624535316,17,19,59.6654275092937
"P1.2",10,539,TRUE,0,5.38,5.38,0.01,13.2690166975881,17,19,58.8126159554731
"P1.2",11,814,TRUE,0,8.13,8.13,0.00999999999999979,11.4066339066339,14,19,46.1916461916462
"P1.2",12,618,TRUE,0,6.17,6.17,0.01,11.7216828478964,14,19,48.3818770226537
"P1.2",13,554,TRUE,0,5.53,5.53,0.01,13.0559566787004,16,19,52.7075812274368
"P1.2",14,938,TRUE,0,9.37,9.37,0.00999999999999979,10.3230277185501,9.5,19,40.5117270788913
"P1.2",15,563,TRUE,0,5.62,5.62,0.01,13.9751332149201,18,19,56.8383658969805
"P1.2",16,463,TRUE,0,4.62,4.62,0.01,14.0021598272138,18,19,64.7948164146868
"P1.2",17,1036,TRUE,0,10.35,10.35,0.00999999999999979,11.7036679536679,14,19,40.8301158301158
"P1.2",18,684,TRUE,0,6.83,6.83,0.01,12.7836257309942,17,19,54.9707602339181
"P1.2",19,629,TRUE,0,6.28,6.28,0.01,13.1891891891892,16,19,52.3052464228935
"P1.2",20,1103,TRUE,0,11.02,11.02,0.00999999999999979,8.93563009972806,6,19,35.8114233907525
"P1.2",21,660,TRUE,0,6.59,6.59,0.01,11.7772727272727,15,19,48.9393939393939
"P1.2",23,821,TRUE,0,8.2,8.2,0.00999999999999979,9.80389768574911,10,19,39.5858708891596
"P1.2",24,766,TRUE,0,7.65,7.65,0.00999999999999979,14.378590078329,18,19,67.8851174934726
"P1.2",25,583,TRUE,0,5.82,5.82,0.01,13.9365351629503,18,19,59.3481989708405
"P1.2",26,551,TRUE,0,5.5,5.5,0.01,15.9201451905626,19,19,65.6987295825771
"P1.2",27,946,TRUE,0,9.45,9.45,0.00999999999999979,10.4471458773784,9,19,41.3319238900634
"P1.2",28,612,TRUE,0,6.11,6.11,0.01,13.8088235294118,18,19,56.5359477124183
"P1.2",29,706,TRUE,0,7.05,7.05,0.01,11.6940509915014,15,19,49.2917847025496
"P1.2",30,1194,TRUE,0,11.93,11.93,0.00999999999999979,9.97571189279731,7,19,37.6046901172529
"P1.2",31,748,TRUE,0,7.47,7.47,0.0099999999999999,10.9505347593583,13,19,44.5187165775401
"P1.2",32,724,TRUE,0,7.23,7.23,0.00999999999999998,13.700276243094,15,19,49.7237569060773
"P1.2",33,766,TRUE,0,7.65,7.65,0.00999999999999979,10.5548302872063,10,19,42.0365535248042
"P1.2",34,583,TRUE,0,5.82,5.82,0.01,12.4082332761578,16,19,50.7718696397942
"P1.2",35,571,TRUE,0,5.7,5.7,0.01,14.183887915937,18,19,55.5166374781086
"P1.2",36,1029,TRUE,0,10.28,10.28,0.00999999999999979,9.1516034985422,5,19,34.6938775510204
"P1.2",37,686,TRUE,0,6.85,6.85,0.01,10.8002915451895,12,14,0
"P2",5,1110,TRUE,0,11.09,11.09,0.00999999999999979,16.1315315315315,18,19,67.8378378378378
"P2",6,1009,TRUE,0,10.08,10.08,0.00999999999999979,9.83349851337958,6,19,31.615460852329
"P2",7,784,TRUE,0,7.83,7.83,0.00999999999999979,13.7806122448979,17,19,54.5918367346939
"P2",8,932,TRUE,0,9.31,9.31,0.00999999999999979,14.6180257510729,17,19,58.2618025751073
"P2",9,622,TRUE,0,6.21,6.21,0.01,14.2974276527331,17,19,57.0739549839228
"P2",10,837,TRUE,0,8.36,8.36,0.00999999999999979,10.4384707287933,14,19,42.7718040621266
"P2",11,1163,TRUE,0,11.62,11.62,0.00999999999999979,11.4316423043852,14,19,43.8521066208083
"P2",12,653,TRUE,0,6.52,6.52,0.01,11.114854517611,14,19,41.5007656967841
"P2",13,567,TRUE,0,5.66,5.66,0.01,12.7848324514991,16,19,56.2610229276896
"P2",14,781,TRUE,0,7.8,7.8,0.00999999999999979,14.0192061459667,15,19,44.0460947503201
"P2",15,440,TRUE,0,4.39,4.39,0.01,14.6954545454545,16,19,56.1363636363636
"P2",16,483,TRUE,0,4.82,4.82,0.01,13.2650103519669,15,19,49.4824016563147
"P2",17,1033,TRUE,0,10.32,10.32,0.00999999999999979,15.2604065827687,18,19,68.8286544046467
"P2",18,433,TRUE,0,4.32,4.32,0.01,14.2332563510393,17,19,56.35103926097
"P2",19,540,TRUE,0,5.39,5.39,0.01,13.9833333333333,16,19,51.8518518518518
"P2",20,787,TRUE,0,7.86,7.86,0.00999999999999979,14.9224904701398,18,19,60.4828462515883
"P2",21,600,TRUE,0,5.99,5.99,0.01,10.79,14,15,0
"P2",22,624,TRUE,0,6.23,6.23,0.01,13.1955128205128,14,19,45.9935897435897
"P2",23,1217,TRUE,0,12.16,12.16,0.00999999999999979,14.6754313886606,18,19,56.0394412489729
"P2",24,597,TRUE,0,5.96,5.96,0.01,11.142378559464,13,19,36.3484087102178
"P2",25,529,TRUE,0,5.28,5.28,0.01,12.9621928166352,16,19,50.4725897920605
"P2",26,948,TRUE,0,9.47,9.47,0.00999999999999979,12.3270042194093,14,19,42.0886075949367
"P2",27,501,TRUE,0,5,5,0.01,12.1377245508982,14,19,41.7165668662675
"P2",28,472,TRUE,0,4.71,4.71,0.01,14.1165254237288,17,19,55.2966101694915
"P2",29,762,TRUE,0,7.61,7.61,0.00999999999999979,12.8700787401575,17,19,53.6745406824147
"P2",30,591,TRUE,0,5.9,5.9,0.01,13.6937394247039,16,19,52.7918781725888
"P2",31,812,TRUE,0,8.11,8.11,0.00999999999999979,10.3374384236453,12,19,38.9162561576355
"P2",32,1499,TRUE,0,14.98,14.98,0.00999999999999979,13.0166777851902,15,18,49.8999332888592
"P2",33,556,TRUE,0,5.55,5.55,0.01,11.3741007194245,15,19,46.5827338129496
"P2",34,663,TRUE,0,6.62,6.62,0.01,10.7058823529412,14,19,44.4947209653092
"P2",35,1148,TRUE,0,11.47,11.47,0.00999999999999979,12.8719512195123,13,19,40.9407665505227
"P2",36,641,TRUE,0,6.4,6.4,0.01,12.6396255850234,17,19,56.1622464898596
"P2",37,563,TRUE,0,5.62,5.62,0.01,13.5044404973357,15,19,47.246891651865
"P2",38,1099,TRUE,0,10.98,10.98,0.00999999999999979,13.8544131028208,18,19,60.9645131938126
"P2",39,539,TRUE,0,5.38,5.38,0.01,14.6586270871985,17,19,60.1113172541744
"P2",40,479,TRUE,0,4.78,4.78,0.01,14.9686847599165,17,19,64.7181628392484
