"SourceFile","Frame","Time","C7_to_A","C7_to_B","S2_to_A","S2_to_B","TrialNum","Mean_to_A_frame","Mean_to_B_frame"
"P2_Trial25.csv",1,0,NA,NA,NA,NA,25,NA,NA
"P2_Trial25.csv",2,0.01,NA,NA,NA,NA,25,NA,NA
"P2_Trial25.csv",3,0.02,NA,NA,NA,NA,25,NA,NA
"P2_Trial25.csv",4,0.03,NA,NA,NA,NA,25,NA,NA
"P2_Trial25.csv",5,0.04,NA,NA,NA,NA,25,NA,NA
"P2_Trial25.csv",6,0.05,NA,NA,NA,NA,25,NA,NA
"P2_Trial25.csv",7,0.06,NA,NA,NA,NA,25,NA,NA
"P2_Trial25.csv",8,0.07,NA,NA,NA,NA,25,NA,NA
"P2_Trial25.csv",9,0.08,NA,NA,NA,NA,25,NA,NA
"P2_Trial25.csv",10,0.09,NA,NA,NA,NA,25,NA,NA
"P2_Trial25.csv",11,0.1,NA,NA,NA,NA,25,NA,NA
"P2_Trial25.csv",12,0.11,NA,NA,NA,NA,25,NA,NA
"P2_Trial25.csv",13,0.12,NA,NA,NA,NA,25,NA,NA
"P2_Trial25.csv",14,0.13,NA,NA,NA,NA,25,NA,NA
"P2_Trial25.csv",15,0.14,NA,NA,NA,NA,25,NA,NA
"P2_Trial25.csv",16,0.15,NA,NA,NA,NA,25,NA,NA
"P2_Trial25.csv",17,0.16,NA,NA,NA,NA,25,NA,NA
"P2_Trial25.csv",18,0.17,NA,NA,NA,NA,25,NA,NA
"P2_Trial25.csv",19,0.18,NA,NA,NA,NA,25,NA,NA
"P2_Trial25.csv",20,0.19,NA,NA,NA,NA,25,NA,NA
"P2_Trial25.csv",21,0.2,NA,NA,NA,NA,25,NA,NA
"P2_Trial25.csv",22,0.21,NA,NA,NA,NA,25,NA,NA
"P2_Trial25.csv",23,0.22,NA,NA,NA,NA,25,NA,NA
"P2_Trial25.csv",24,0.23,NA,NA,NA,NA,25,NA,NA
"P2_Trial25.csv",25,0.24,NA,NA,NA,NA,25,NA,NA
"P2_Trial25.csv",26,0.25,NA,NA,NA,NA,25,NA,NA
"P2_Trial25.csv",27,0.26,NA,NA,NA,NA,25,NA,NA
"P2_Trial25.csv",28,0.27,NA,NA,NA,NA,25,NA,NA
"P2_Trial25.csv",29,0.28,NA,NA,NA,NA,25,NA,NA
"P2_Trial25.csv",30,0.29,NA,NA,NA,NA,25,NA,NA
"P2_Trial25.csv",31,0.3,NA,NA,NA,NA,25,NA,NA
"P2_Trial25.csv",32,0.31,NA,NA,NA,NA,25,NA,NA
"P2_Trial25.csv",33,0.32,NA,NA,NA,NA,25,NA,NA
"P2_Trial25.csv",34,0.33,NA,NA,NA,NA,25,NA,NA
"P2_Trial25.csv",35,0.34,NA,NA,NA,NA,25,NA,NA
"P2_Trial25.csv",36,0.35,NA,NA,NA,NA,25,NA,NA
"P2_Trial25.csv",37,0.36,NA,NA,NA,NA,25,NA,NA
"P2_Trial25.csv",38,0.37,NA,NA,NA,NA,25,NA,NA
"P2_Trial25.csv",39,0.38,NA,NA,NA,NA,25,NA,NA
"P2_Trial25.csv",40,0.39,NA,NA,NA,NA,25,NA,NA
"P2_Trial25.csv",41,0.4,NA,NA,NA,NA,25,NA,NA
"P2_Trial25.csv",42,0.41,NA,NA,NA,NA,25,NA,NA
"P2_Trial25.csv",43,0.42,NA,NA,NA,NA,25,NA,NA
"P2_Trial25.csv",44,0.43,NA,NA,NA,NA,25,NA,NA
"P2_Trial25.csv",45,0.44,NA,NA,NA,NA,25,NA,NA
"P2_Trial25.csv",46,0.45,NA,NA,NA,NA,25,NA,NA
"P2_Trial25.csv",47,0.46,NA,NA,NA,NA,25,NA,NA
"P2_Trial25.csv",48,0.47,NA,NA,NA,NA,25,NA,NA
"P2_Trial25.csv",49,0.48,NA,NA,NA,NA,25,NA,NA
"P2_Trial25.csv",50,0.49,NA,NA,NA,NA,25,NA,NA
"P2_Trial25.csv",51,0.5,NA,NA,NA,NA,25,NA,NA
"P2_Trial25.csv",52,0.51,NA,NA,NA,NA,25,NA,NA
"P2_Trial25.csv",53,0.52,NA,NA,NA,NA,25,NA,NA
"P2_Trial25.csv",54,0.53,NA,NA,NA,NA,25,NA,NA
"P2_Trial25.csv",55,0.54,NA,NA,NA,NA,25,NA,NA
"P2_Trial25.csv",56,0.55,NA,NA,NA,NA,25,NA,NA
"P2_Trial25.csv",57,0.56,NA,NA,NA,NA,25,NA,NA
"P2_Trial25.csv",58,0.57,NA,NA,NA,NA,25,NA,NA
"P2_Trial25.csv",59,0.58,NA,NA,NA,NA,25,NA,NA
"P2_Trial25.csv",60,0.59,NA,NA,NA,NA,25,NA,NA
"P2_Trial25.csv",61,0.6,NA,NA,NA,NA,25,NA,NA
"P2_Trial25.csv",62,0.61,NA,NA,NA,NA,25,NA,NA
"P2_Trial25.csv",63,0.62,NA,NA,NA,NA,25,NA,NA
"P2_Trial25.csv",64,0.63,NA,NA,NA,NA,25,NA,NA
"P2_Trial25.csv",65,0.64,NA,NA,NA,NA,25,NA,NA
"P2_Trial25.csv",66,0.65,NA,NA,NA,NA,25,NA,NA
"P2_Trial25.csv",67,0.66,NA,NA,NA,NA,25,NA,NA
"P2_Trial25.csv",68,0.67,NA,NA,NA,NA,25,NA,NA
"P2_Trial25.csv",69,0.68,NA,NA,NA,NA,25,NA,NA
"P2_Trial25.csv",70,0.69,NA,NA,NA,NA,25,NA,NA
"P2_Trial25.csv",71,0.7,NA,NA,NA,NA,25,NA,NA
"P2_Trial25.csv",72,0.71,NA,NA,NA,NA,25,NA,NA
"P2_Trial25.csv",73,0.72,NA,NA,NA,NA,25,NA,NA
"P2_Trial25.csv",74,0.73,NA,NA,NA,NA,25,NA,NA
"P2_Trial25.csv",75,0.74,NA,NA,NA,NA,25,NA,NA
"P2_Trial25.csv",76,0.75,NA,NA,NA,NA,25,NA,NA
"P2_Trial25.csv",77,0.76,NA,NA,NA,NA,25,NA,NA
"P2_Trial25.csv",78,0.77,NA,NA,NA,NA,25,NA,NA
"P2_Trial25.csv",79,0.78,NA,NA,NA,NA,25,NA,NA
"P2_Trial25.csv",80,0.79,NA,NA,NA,NA,25,NA,NA
"P2_Trial25.csv",81,0.8,NA,NA,NA,NA,25,NA,NA
"P2_Trial25.csv",82,0.81,NA,NA,NA,NA,25,NA,NA
"P2_Trial25.csv",83,0.82,NA,NA,NA,NA,25,NA,NA
"P2_Trial25.csv",84,0.83,NA,NA,NA,NA,25,NA,NA
"P2_Trial25.csv",85,0.84,NA,NA,NA,NA,25,NA,NA
"P2_Trial25.csv",86,0.85,NA,NA,NA,NA,25,NA,NA
"P2_Trial25.csv",87,0.86,NA,NA,NA,NA,25,NA,NA
"P2_Trial25.csv",88,0.87,NA,NA,NA,NA,25,NA,NA
"P2_Trial25.csv",89,0.88,NA,NA,NA,NA,25,NA,NA
"P2_Trial25.csv",90,0.89,NA,NA,NA,NA,25,NA,NA
"P2_Trial25.csv",91,0.9,NA,NA,NA,NA,25,NA,NA
"P2_Trial25.csv",92,0.91,NA,NA,NA,NA,25,NA,NA
"P2_Trial25.csv",93,0.92,1402.88651746416,2630.12630227635,NA,NA,25,1402.88651746416,2630.12630227635
"P2_Trial25.csv",94,0.93,1438.4334209671,2641.3720196073,NA,NA,25,1438.4334209671,2641.3720196073
"P2_Trial25.csv",95,0.94,1433.85248504584,2634.74737477323,NA,NA,25,1433.85248504584,2634.74737477323
"P2_Trial25.csv",96,0.95,1429.64793848888,2628.45961522333,NA,NA,25,1429.64793848888,2628.45961522333
"P2_Trial25.csv",97,0.96,1424.2312150102,2620.79314436154,NA,NA,25,1424.2312150102,2620.79314436154
"P2_Trial25.csv",98,0.97,1419.9401648731,2614.34007325631,1149.03725105079,2541.50478653026,25,1284.48870796194,2577.92242989328
"P2_Trial25.csv",99,0.98,1414.6143896038,2606.69194820573,1137.8505203534,2529.25871948915,25,1276.2324549786,2567.97533384744
"P2_Trial25.csv",100,0.99,1409.90955590782,2599.84519589786,1131.45210063691,2521.78523286916,25,1270.68082827237,2560.81521438351
"P2_Trial25.csv",101,1,1404.56025062909,2592.04067863514,1124.84573855559,2513.87286740764,25,1264.70299459234,2552.95677302139
"P2_Trial25.csv",102,1.01,1399.07168651663,2584.10358844677,1117.0645516614,2504.98373139093,25,1258.06811908902,2544.54365991885
"P2_Trial25.csv",103,1.02,1393.65866987787,2576.38081084154,1111.2298134446,2498.13186810762,25,1252.44424166124,2537.25633947458
"P2_Trial25.csv",104,1.03,1387.85953476971,2568.16948542231,1103.87046680045,2489.79712116906,25,1245.86500078508,2528.98330329568
"P2_Trial25.csv",105,1.04,1381.86130709676,2559.61136060925,1094.95797012675,2479.3472136328,25,1238.40963861175,2519.47928712103
"P2_Trial25.csv",106,1.05,1375.93635774075,2551.13962232873,1086.80109964452,2469.86742827444,25,1231.36872869264,2510.50352530158
"P2_Trial25.csv",107,1.06,1369.07227211365,2541.91518597748,1080.24454292235,2462.17480750921,25,1224.658407518,2502.04499674334
"P2_Trial25.csv",108,1.07,1363.64893872741,2533.9624781685,1073.25162962431,2453.98503326707,25,1218.45028417586,2493.97375571779
"P2_Trial25.csv",109,1.08,1357.38189674264,2525.10130060584,1064.61597588178,2443.95643468029,25,1210.99893631221,2484.52886764307
"P2_Trial25.csv",110,1.09,1350.47057651998,2515.1971930674,1054.25043726682,2431.95113147126,25,1202.3605068934,2473.57416226933
"P2_Trial25.csv",111,1.1,1345.27326796005,2507.10477291966,1048.54470632214,2424.99626317107,25,1196.9089871411,2466.05051804537
"P2_Trial25.csv",112,1.11,1337.82046886686,2496.64400129288,1040.01726448436,2414.90218400567,25,1188.91886667561,2455.77309264927
"P2_Trial25.csv",113,1.12,1332.02278972633,2488.01222619435,1030.97435849037,2404.33553938666,25,1181.49857410835,2446.17388279051
"P2_Trial25.csv",114,1.13,1325.31433884775,2477.86483000082,1023.27198308122,2394.88614530616,25,1174.29316096449,2436.37548765349
"P2_Trial25.csv",115,1.14,1319.48687316986,2468.47837629208,1015.9606897278,2385.86677645119,25,1167.72378144883,2427.17257637163
"P2_Trial25.csv",116,1.15,1312.27670232377,2458.32275304213,1007.4859049749,2375.64807402183,25,1159.88130364933,2416.98541353198
"P2_Trial25.csv",117,1.16,1305.76916080677,2447.74549661482,997.416190981308,2363.33285605828,25,1151.59267589404,2405.53917633655
"P2_Trial25.csv",118,1.17,1299.82353522153,2437.78737482778,990.828986832029,2354.74301420257,25,1145.32626102678,2396.26519451518
"P2_Trial25.csv",119,1.18,1292.04607362389,2425.92934713379,982.362407482558,2343.87606203898,25,1137.20424055322,2384.90270458639
"P2_Trial25.csv",120,1.19,1286.43847516258,2416.35767935336,974.621026489894,2333.52585204583,25,1130.52975082624,2374.94176569959
"P2_Trial25.csv",121,1.2,1279.237717319,2404.59012697805,965.098563745799,2321.31510915408,25,1122.1681405324,2362.95261806607
"P2_Trial25.csv",122,1.21,1274.41603524469,2395.03519585432,956.98537476133,2310.45689500357,25,1115.70070500301,2352.74604542895
"P2_Trial25.csv",123,1.22,1268.48323954292,2384.38260457345,948.1823630559,2298.58645042579,25,1108.33280129941,2341.48452749962
"P2_Trial25.csv",124,1.23,1261.80633331464,2372.89165228796,NA,NA,25,1261.80633331464,2372.89165228796
"P2_Trial25.csv",125,1.24,1255.37897862807,2360.74679416076,NA,NA,25,1255.37897862807,2360.74679416076
"P2_Trial25.csv",126,1.25,1250.17220729859,2350.12210322309,920.258274740906,2259.42561472712,25,1085.21524101975,2304.77385897511
"P2_Trial25.csv",127,1.26,1246.18040721886,2339.68936955596,912.575147605606,2247.88661965384,25,1079.37777741223,2293.7879946049
"P2_Trial25.csv",128,1.27,1241.07781494977,2328.30570552279,905.847932572923,2236.56539294581,25,1073.46287376135,2282.4355492343
"P2_Trial25.csv",129,1.28,1236.86525206078,2317.57206419514,901.292874146822,2227.2390506113,25,1069.0790631038,2272.40555740322
"P2_Trial25.csv",130,1.29,1233.0285684702,2307.07127262409,891.242167598379,2212.71594458445,25,1062.13536803429,2259.89360860427
"P2_Trial25.csv",131,1.3,1229.35308500252,2296.49335646567,888.39088472258,2205.26308833233,25,1058.87198486255,2250.878222399
"P2_Trial25.csv",132,1.31,1225.71944500693,2285.89763737587,880.097592133198,2191.95066330117,25,1052.90851857006,2238.92415033852
"P2_Trial25.csv",133,1.32,1222.77938060584,2276.64657685345,NA,NA,25,1222.77938060584,2276.64657685345
"P2_Trial25.csv",134,1.33,1219.16118879319,2266.39277276367,NA,NA,25,1219.16118879319,2266.39277276367
"P2_Trial25.csv",135,1.34,1215.83289345086,2256.62684529269,NA,NA,25,1215.83289345086,2256.62684529269
"P2_Trial25.csv",136,1.35,1212.97340421226,2247.4237624461,NA,NA,25,1212.97340421226,2247.4237624461
"P2_Trial25.csv",137,1.36,1209.80642604601,2237.78849949805,854.378315923412,2145.42748152928,25,1032.09237098471,2191.60799051366
"P2_Trial25.csv",138,1.37,1207.83289553002,2229.37520301149,847.961922970585,2133.3473206147,25,1027.8974092503,2181.3612618131
"P2_Trial25.csv",139,1.38,1205.59328102063,2220.36139720088,842.49986091748,2123.09192866905,25,1024.04657096905,2171.72666293496
"P2_Trial25.csv",140,1.39,1204.13434051626,2212.16798880743,838.059230700208,2113.66465141771,25,1021.09678560823,2162.91632011257
"P2_Trial25.csv",141,1.4,1203.09759012099,2204.34564268358,834.167126609819,2104.5382388934,25,1018.63235836541,2154.44194078849
"P2_Trial25.csv",142,1.41,1202.99654646751,2197.64615376612,830.3700392056,2095.33957774063,25,1016.68329283655,2146.49286575337
"P2_Trial25.csv",143,1.42,1202.51861303247,2190.13954129699,827.718696967988,2087.12335873173,25,1015.11865500023,2138.63145001436
"P2_Trial25.csv",144,1.43,1202.33382152626,2182.88822002818,824.319806733683,2078.13384939353,25,1013.32681412997,2130.51103471086
"P2_Trial25.csv",145,1.44,1202.42615866553,2176.16005644951,822.248864529909,2069.88906964084,25,1012.33751159772,2123.02456304518
"P2_Trial25.csv",146,1.45,1202.82016413343,2169.68094053632,820.236476496501,2062.16405124018,25,1011.52832031496,2115.92249588825
"P2_Trial25.csv",147,1.46,1203.70401819309,2163.70635529246,817.80225925419,2054.95114305629,25,1010.75313872364,2109.32874917437
"P2_Trial25.csv",148,1.47,1204.2220020367,2157.13660220998,816.028005966977,2046.89389784601,25,1010.12500400184,2102.015250028
"P2_Trial25.csv",149,1.48,1205.32338920755,2151.20161140769,812.29293201079,2035.86901586928,25,1008.80816060917,2093.53531363849
"P2_Trial25.csv",150,1.49,1206.29176118127,2145.50592193428,811.309608551462,2028.64318039407,25,1008.80068486636,2087.07455116418
"P2_Trial25.csv",151,1.5,1207.20366061334,2139.29413771872,809.006367965484,2020.00230011699,25,1008.10501428941,2079.64821891786
"P2_Trial25.csv",152,1.51,1208.04859895325,2133.14543835936,808.38078844073,2013.0989232287,25,1008.21469369699,2073.12218079403
"P2_Trial25.csv",153,1.52,1209.149214527,2127.53464789047,807.988637320704,2006.34783632669,25,1008.56892592385,2066.94124210858
"P2_Trial25.csv",154,1.53,1209.73274813106,2120.92328392979,806.511900764491,1998.59244810711,25,1008.12232444777,2059.75786601845
"P2_Trial25.csv",155,1.54,1210.41380392213,2114.86466949995,806.11618492127,1992.39681632753,25,1008.2649944217,2053.63074291374
"P2_Trial25.csv",156,1.55,1211.14932921978,2109.04318122505,805.505741873958,1985.31471480694,25,1008.32753554687,2047.17894801599
"P2_Trial25.csv",157,1.56,1211.5866419786,2102.47926983662,804.472716535638,1978.26926894532,25,1008.02967925712,2040.37426939097
"P2_Trial25.csv",158,1.57,1212.11664381601,2096.59374738606,804.053238941288,1971.77369162319,25,1008.08494137865,2034.18371950462
"P2_Trial25.csv",159,1.58,1212.17821220194,2089.86951427614,803.828643943656,1965.5483591695,25,1008.0034280728,2027.70893672282
"P2_Trial25.csv",160,1.59,1212.23833025228,2083.25531802302,802.280620387136,1958.35325162862,25,1007.25947531971,2020.80428482582
"P2_Trial25.csv",161,1.6,1212.14380401783,2076.42879399344,802.443882446483,1952.22719739903,25,1007.29384323216,2014.32799569623
"P2_Trial25.csv",162,1.61,1212.20310738896,2069.71458744199,802.164602671103,1945.79103391392,25,1007.18385503003,2007.75281067795
"P2_Trial25.csv",163,1.62,1211.91564304053,2062.51975190237,801.599260324403,1939.86750070854,25,1006.75745168246,2001.19362630546
"P2_Trial25.csv",164,1.63,1211.74000604211,2055.55061819247,801.314729120264,1933.26145745651,25,1006.52736758119,1994.40603782449
"P2_Trial25.csv",165,1.64,1211.5313724461,2048.49217449073,800.11215317408,1925.96243754536,25,1005.82176281009,1987.22730601805
"P2_Trial25.csv",166,1.65,1211.01907269965,2041.19033628205,800.706825672337,1920.00492004715,25,1005.86294918599,1980.5976281646
"P2_Trial25.csv",167,1.66,1210.65762827709,2033.92478320369,800.290787312432,1913.33439978664,25,1005.47420779476,1973.62959149516
"P2_Trial25.csv",168,1.67,1210.22389527443,2026.67506018224,800.191646153384,1906.94723536496,25,1005.20777071391,1966.8111477736
"P2_Trial25.csv",169,1.68,1209.12379233623,2018.69982267523,799.485226360068,1900.2174385882,25,1004.30450934815,1959.45863063172
"P2_Trial25.csv",170,1.69,1208.60596961547,2011.11241325166,798.836626037374,1893.32923944128,25,1003.72129782642,1952.22082634647
"P2_Trial25.csv",171,1.7,1208.08305494214,2003.90556716298,797.993947506488,1885.7014241939,25,1003.03850122432,1944.80349567844
"P2_Trial25.csv",172,1.71,1208.05781981434,1997.09477268687,797.021557386734,1878.2108936899,25,1002.53968860053,1937.65283318838
"P2_Trial25.csv",173,1.72,1207.46413150614,1989.32790986063,796.176317338906,1871.0754495175,25,1001.82022442252,1930.20167968906
"P2_Trial25.csv",174,1.73,1206.37161054588,1981.29474198197,795.380381596438,1864.00137324566,25,1000.87599607116,1922.64805761382
"P2_Trial25.csv",175,1.74,1206.78800281457,1974.78691239129,794.289586093346,1856.28364151066,25,1000.53879445396,1915.53527695098
"P2_Trial25.csv",176,1.75,1207.02576197245,1967.923580806,793.756188300587,1848.7320065498,25,1000.39097513652,1908.3277936779
"P2_Trial25.csv",177,1.76,1206.02441539017,1960.7207870822,792.722746282072,1840.45224324385,25,999.37358083612,1900.58651516303
"P2_Trial25.csv",178,1.77,1205.97011361865,1953.34914962727,791.11367458559,1831.98931136422,25,998.54189410212,1892.66923049574
"P2_Trial25.csv",179,1.78,1206.49215402433,1947.2807270471,789.694864086972,1823.55109880492,25,998.09350905565,1885.41591292601
"P2_Trial25.csv",180,1.79,1206.38368534601,1940.73014423721,787.933070827349,1814.25573013018,25,997.158378086677,1877.4929371837
"P2_Trial25.csv",181,1.8,1206.60535989178,1934.57628212094,786.257454150002,1804.7437989869,25,996.431407020892,1869.66004055392
"P2_Trial25.csv",182,1.81,1206.8159705977,1928.16868067366,784.999121375023,1795.7447330912,25,995.907545986364,1861.95670688243
"P2_Trial25.csv",183,1.82,1206.62816911989,1921.66390099033,783.748161715255,1786.30335299152,25,995.188165417575,1853.98362699093
"P2_Trial25.csv",184,1.83,1207.14432556316,1915.77569193904,781.804318230178,1776.16694818415,25,994.474321896667,1845.97132006159
"P2_Trial25.csv",185,1.84,1206.6858355806,1909.47946262586,779.618357475643,1765.56619586872,25,993.15209652812,1837.52282924729
"P2_Trial25.csv",186,1.85,1206.45274379895,1903.08913595234,778.33096223925,1756.1880434035,25,992.391853019102,1829.63858967792
"P2_Trial25.csv",187,1.86,1206.72773102977,1897.36745791804,777.204129714642,1745.91735507946,25,991.965930372204,1821.64240649875
"P2_Trial25.csv",188,1.87,1206.94992654519,1891.15908908309,776.497992248191,1738.95659859332,25,991.723959396689,1815.0578438382
"P2_Trial25.csv",189,1.88,1208.19664900612,1885.64924734358,777.25736648781,1731.33115298539,25,992.727007746963,1808.49020016448
"P2_Trial25.csv",190,1.89,1210.02684591575,1880.21441038519,778.890049088945,1723.85617547727,25,994.458447502346,1802.03529293123
"P2_Trial25.csv",191,1.9,1211.97322645069,1875.0793546235,781.124779111266,1717.58302632803,25,996.549002780979,1796.33119047576
"P2_Trial25.csv",192,1.91,1213.82752986749,1869.79940856193,782.943249965971,1711.61863416209,25,998.385389916728,1790.70902136201
"P2_Trial25.csv",193,1.92,1216.36399365159,1865.56544069921,786.013875735472,1705.96206445061,25,1001.18893469353,1785.76375257491
"P2_Trial25.csv",194,1.93,1218.45202986429,1860.88758984069,788.701639026495,1700.26098134619,25,1003.57683444539,1780.57428559344
"P2_Trial25.csv",195,1.94,1220.92437792361,1856.95321381939,791.546090170991,1694.01440053712,25,1006.2352340473,1775.48380717826
"P2_Trial25.csv",196,1.95,1223.52773658334,1852.46259915651,795.678617804889,1689.178244648,25,1009.60317719412,1770.82042190225
"P2_Trial25.csv",197,1.96,1226.47570440382,1848.33199771194,799.743896341562,1683.99612236869,25,1013.10980037269,1766.16406004032
"P2_Trial25.csv",198,1.97,1229.20202697336,1844.49892800298,802.129592250243,1677.98120003893,25,1015.6658096118,1761.24006402096
"P2_Trial25.csv",199,1.98,1232.30683659539,1840.2377862706,805.590330380745,1673.44868025636,25,1018.94858348807,1756.84323326348
"P2_Trial25.csv",200,1.99,1234.80819771305,1836.41753338433,806.588064297483,1666.29624447916,25,1020.69813100526,1751.35688893174
"P2_Trial25.csv",201,2,1237.87410128979,1831.90018545507,810.858275959372,1663.14645925513,25,1024.36618862458,1747.5233223551
"P2_Trial25.csv",202,2.01,1240.37087791734,1826.79318785233,812.67386513733,1658.06864840569,25,1026.52237152733,1742.43091812901
"P2_Trial25.csv",203,2.02,1242.30798485216,1821.44606637469,814.334447426118,1652.75539643101,25,1028.32121613914,1737.10073140285
"P2_Trial25.csv",204,2.03,1244.16561946748,1816.48133614137,815.78516703859,1647.86047066605,25,1029.97539325304,1732.17090340371
"P2_Trial25.csv",205,2.04,1246.63256179749,1811.96851956909,816.048567632844,1641.50142230936,25,1031.34056471517,1726.73497093922
"P2_Trial25.csv",206,2.05,1248.01235532431,1806.43653167726,817.606681725651,1636.29593029711,25,1032.80951852498,1721.36623098719
"P2_Trial25.csv",207,2.06,1249.38795811598,1800.52029762991,819.408117647006,1630.738818959,25,1034.39803788149,1715.62955829446
"P2_Trial25.csv",208,2.07,1250.95540241787,1795.11389200012,820.446741433076,1624.79191852514,25,1035.70107192548,1709.95290526263
"P2_Trial25.csv",209,2.08,1252.18695355222,1790.10309517161,821.528676228997,1618.35634783712,25,1036.85781489061,1704.22972150437
"P2_Trial25.csv",210,2.09,1253.00329797672,1783.29830516093,822.740254059067,1612.99790470776,25,1037.87177601789,1698.14810493434
"P2_Trial25.csv",211,2.1,1254.1394611152,1778.39550312615,823.174443941768,1606.53121238445,25,1038.65695252849,1692.4633577553
"P2_Trial25.csv",212,2.11,1254.98439935852,1772.24876280635,824.574647050344,1600.27013479442,25,1039.77952320443,1686.25944880039
"P2_Trial25.csv",213,2.12,1256.22610006703,1766.85598548825,824.993193630642,1593.41064597846,25,1040.60964684883,1680.13331573335
"P2_Trial25.csv",214,2.13,1256.16176613893,1760.13890167172,825.940477590994,1587.90466212941,25,1041.05112186496,1674.02178190056
"P2_Trial25.csv",215,2.14,1256.81800675305,1754.53686331294,826.91034327657,1581.16675964626,25,1041.86417501481,1667.8518114796
"P2_Trial25.csv",216,2.15,1256.64947525981,1747.35988963292,827.230204489747,1574.07518683207,25,1041.93983987478,1660.7175382325
"P2_Trial25.csv",217,2.16,1257.08677452739,1741.30315101129,827.73751067656,1567.45097185401,25,1042.41214260197,1654.37706143265
"P2_Trial25.csv",218,2.17,1256.91419981003,1735.44527056647,827.989986592006,1561.65464804023,25,1042.45209320102,1648.54995930335
"P2_Trial25.csv",219,2.18,1257.02706615049,1729.04038816914,827.857149325991,1554.06194870577,25,1042.44210773824,1641.55116843745
"P2_Trial25.csv",220,2.19,1256.29215681834,1721.61166098515,827.772393062622,1547.2274045331,25,1042.03227494048,1634.41953275913
"P2_Trial25.csv",221,2.2,1256.19612611317,1715.43116215006,827.39903352001,1539.75705232261,25,1041.79757981659,1627.59410723633
"P2_Trial25.csv",222,2.21,1255.76591734245,1709.25620141867,827.15671782039,1533.01436763865,25,1041.46131758142,1621.13528452866
"P2_Trial25.csv",223,2.22,1255.51306830298,1703.02037184395,826.214635619226,1525.65458937017,25,1040.8638519611,1614.33748060706
"P2_Trial25.csv",224,2.23,1254.38148571973,1695.60044409417,825.491854271234,1518.13408495155,25,1039.93666999548,1606.86726452286
"P2_Trial25.csv",225,2.24,1253.23297138376,1687.92243314212,824.808048177794,1509.93106624003,25,1039.02050978078,1598.92674969107
"P2_Trial25.csv",226,2.25,1252.16069330295,1680.42316517919,823.777631871603,1502.61173251006,25,1037.96916258728,1591.51744884463
"P2_Trial25.csv",227,2.26,1249.96407527942,1672.67348507388,822.760627509602,1495.09308668768,25,1036.36235139451,1583.88328588078
"P2_Trial25.csv",228,2.27,1248.40624279099,1664.39350584899,821.242805989298,1486.81956949383,25,1034.82452439015,1575.60653767141
"P2_Trial25.csv",229,2.28,1246.55980214855,1655.5479897617,819.001400058239,1477.17279579378,25,1032.78060110339,1566.36039277774
"P2_Trial25.csv",230,2.29,1244.87814901354,1648.0787555275,818.459313220497,1469.31218704346,25,1031.66873111702,1558.69547128548
"P2_Trial25.csv",231,2.3,1242.64265316054,1639.85093552676,816.242316045865,1460.47977557384,25,1029.4424846032,1550.1653555503
"P2_Trial25.csv",232,2.31,1240.62830673885,1630.31393692617,814.133361049387,1451.98578605028,25,1027.38083389412,1541.14986148822
"P2_Trial25.csv",233,2.32,1238.46324368339,1621.82166309831,811.613053105837,1443.40431762182,25,1025.03814839461,1532.61299036006
"P2_Trial25.csv",234,2.33,1236.37683399806,1612.66790223071,808.81127520942,1434.37837247994,25,1022.59405460374,1523.52313735532
"P2_Trial25.csv",235,2.34,1234.0652251452,1604.04317632597,806.141052194482,1426.36856975417,25,1020.10313866984,1515.20587304007
"P2_Trial25.csv",236,2.35,1231.69903066818,1594.32634456565,803.046288068482,1418.0065934917,25,1017.37265936833,1506.16646902867
"P2_Trial25.csv",237,2.36,1229.68149970724,1585.20605185841,799.633918119327,1408.51903294038,25,1014.65770891328,1496.86254239939
"P2_Trial25.csv",238,2.37,1227.19436956172,1575.81402209989,796.398224531703,1400.12145554848,25,1011.79629704671,1487.96773882418
"P2_Trial25.csv",239,2.38,1224.76955617104,1566.24641485784,792.53253071017,1391.5404920395,25,1008.6510434406,1478.89345344867
"P2_Trial25.csv",240,2.39,1222.54655436662,1556.61242533754,788.927656421547,1382.27049693302,25,1005.73710539408,1469.44146113528
"P2_Trial25.csv",241,2.4,1220.73577166994,1547.03693223872,784.666470614606,1372.32697753089,25,1002.70112114227,1459.6819548848
"P2_Trial25.csv",242,2.41,1218.45090037597,1536.78237482217,781.245243092582,1363.10663336862,25,999.848071734278,1449.94450409539
"P2_Trial25.csv",243,2.42,1216.77365797577,1529.18621071684,777.647415716213,1354.09296014148,25,997.210536845991,1441.63958542916
"P2_Trial25.csv",244,2.43,1214.54199398263,1518.38126293867,774.353690750609,1344.31985783843,25,994.447842366618,1431.35056038855
"P2_Trial25.csv",245,2.44,1212.63929051166,1508.69593414819,771.32941816938,1335.07675088885,25,991.984354340519,1421.88634251852
"P2_Trial25.csv",246,2.45,1211.03861137627,1499.28538144655,768.826354999951,1326.44080689139,25,989.932483188111,1412.86309416897
"P2_Trial25.csv",247,2.46,1208.67350206939,1489.72318165611,766.201071099044,1318.20489804809,25,987.437286584217,1403.9640398521
"P2_Trial25.csv",248,2.47,1206.4388352928,1480.35405632972,763.945886438284,1308.64347118174,25,985.192360865544,1394.49876375573
"P2_Trial25.csv",249,2.48,1204.30726679334,1471.39415240438,761.929826140313,1299.96587349905,25,983.118546466825,1385.68001295172
"P2_Trial25.csv",250,2.49,1202.150238631,1461.67169493932,759.527432574788,1291.01437920518,25,980.838835602894,1376.34303707225
"P2_Trial25.csv",251,2.5,1200.19046661612,1451.855923882,757.255221246384,1281.48095404084,25,978.722843931252,1366.66843896142
"P2_Trial25.csv",252,2.51,1198.57122220205,1441.86402945911,755.432448704932,1271.47691966155,25,977.001835453493,1356.67047456033
"P2_Trial25.csv",253,2.52,1197.08876359618,1432.46733539331,753.446834717139,1263.11290240178,25,975.26779915666,1347.79011889755
"P2_Trial25.csv",254,2.53,1196.41473093908,1422.99558140064,751.839621833547,1254.66171167667,25,974.127176386314,1338.82864653865
"P2_Trial25.csv",255,2.54,1196.44660144908,1414.1494752296,750.484158039331,1247.66942531886,25,973.465379744206,1330.90945027423
"P2_Trial25.csv",256,2.55,1197.39134951693,1404.78099572133,749.989285353637,1240.83140437268,25,973.690317435285,1322.806200047
"P2_Trial25.csv",257,2.56,1199.06113450125,1396.17983288425,750.89797155354,1231.8910741882,25,974.979553027393,1314.03545353623
"P2_Trial25.csv",258,2.57,1201.55540523316,1388.83002386546,752.216065853057,1224.69143503641,25,976.885735543107,1306.76072945094
"P2_Trial25.csv",259,2.58,1204.53571032509,1381.4338165134,753.983250169446,1216.17636544082,25,979.259480247266,1298.80509097711
"P2_Trial25.csv",260,2.59,1208.24448480686,1374.22392211776,757.126011313832,1208.06024714581,25,982.685248060344,1291.14208463178
"P2_Trial25.csv",261,2.6,1212.65414270257,1368.71572631152,760.686572849755,1199.41236178093,25,986.670357776162,1284.06404404623
"P2_Trial25.csv",262,2.61,1217.05998497277,1362.95817538765,763.803851964766,1190.61581632459,25,990.431918468766,1276.78699585612
"P2_Trial25.csv",263,2.62,1222.02519519085,1358.57379634958,767.73041134246,1182.23791165224,25,994.877803266654,1270.40585400091
"P2_Trial25.csv",264,2.63,1226.69026331308,1354.13151409639,771.786075754875,1174.36803952405,25,999.238169533977,1264.24977681022
"P2_Trial25.csv",265,2.64,1231.31091079816,1350.14912538893,775.849408211546,1167.73814083167,25,1003.58015950485,1258.9436331103
"P2_Trial25.csv",266,2.65,1236.63023337652,1346.51758144564,780.294554560124,1161.29935842142,25,1008.46239396832,1253.90846993353
"P2_Trial25.csv",267,2.66,1242.01173150268,1343.20506722673,785.592398262613,1155.19223981191,25,1013.80206488265,1249.19865351932
"P2_Trial25.csv",268,2.67,1247.8837666876,1340.46912607133,790.523295604036,1150.36321354374,25,1019.20353114582,1245.41616980753
"P2_Trial25.csv",269,2.68,1254.26085057354,1338.19046373925,795.919957086307,1145.18916467697,25,1025.09040382993,1241.68981420811
"P2_Trial25.csv",270,2.69,1261.34350031549,1336.71089062743,801.735782054566,1140.76101226985,25,1031.53964118503,1238.73595144864
"P2_Trial25.csv",271,2.7,1267.78151117867,1334.65694099264,807.821141323533,1137.22149571843,25,1037.8013262511,1235.93921835554
"P2_Trial25.csv",272,2.71,1274.71417977221,1333.05236243368,814.737393300462,1133.48461891934,25,1044.72578653633,1233.26849067651
"P2_Trial25.csv",273,2.72,1282.26235550903,1332.56272405044,821.31677855895,1130.20149407081,25,1051.78956703399,1231.38210906063
"P2_Trial25.csv",274,2.73,1289.69106723548,1331.92352725648,828.383058633238,1127.41995422812,25,1059.03706293436,1229.6717407423
"P2_Trial25.csv",275,2.74,1297.29488201172,1331.38201399135,835.925157719682,1124.11190589376,25,1066.6100198657,1227.74695994255
"P2_Trial25.csv",276,2.75,1305.09509624035,1331.20828127728,843.935686186704,1120.70010680849,25,1074.51539121353,1225.95419404289
"P2_Trial25.csv",277,2.76,1312.69615098761,1331.06560050415,851.000342202021,1117.97748240041,25,1081.84824659481,1224.52154145228
"P2_Trial25.csv",278,2.77,1320.73946651369,1331.36853524018,859.21476136777,1114.3246076414,25,1089.97711394073,1222.84657144079
"P2_Trial25.csv",279,2.78,1328.69476396099,1331.56194204897,867.182432448862,1111.44525489052,25,1097.93859820493,1221.50359846975
"P2_Trial25.csv",280,2.79,1336.46997413563,1331.11230972401,875.048004941558,1108.27915944429,25,1105.75898953859,1219.69573458415
"P2_Trial25.csv",281,2.8,1344.97908582945,1332.26968492064,883.430325804396,1105.08705831672,25,1114.20470581692,1218.67837161868
"P2_Trial25.csv",282,2.81,1352.46298998831,1332.02184885309,891.548535298763,1101.85208093427,25,1122.00576264354,1216.93696489368
"P2_Trial25.csv",283,2.82,1360.44464211749,1332.56393421868,899.75182024706,1098.84797832728,25,1130.09823118227,1215.70595627298
"P2_Trial25.csv",284,2.83,1368.13573596393,1332.86943879761,907.467280160759,1096.06574910515,25,1137.80150806235,1214.46759395138
"P2_Trial25.csv",285,2.84,1375.78896198869,1333.25063664937,915.499689836757,1092.63854119418,25,1145.64432591272,1212.94458892177
"P2_Trial25.csv",286,2.85,1382.6572557053,1333.70512607623,922.807099756914,1089.56302526222,25,1152.73217773111,1211.63407566923
"P2_Trial25.csv",287,2.86,1389.72682926656,1333.48577125173,930.515477197104,1086.33343999634,25,1160.12115323183,1209.90960562404
"P2_Trial25.csv",288,2.87,1396.64782926835,1333.53037921731,937.478826087748,1083.05530730624,25,1167.06332767805,1208.29284326178
"P2_Trial25.csv",289,2.88,1403.36600631947,1333.42377265463,944.351602852774,1079.55558175254,25,1173.85880458612,1206.48967720359
"P2_Trial25.csv",290,2.89,1409.4796153518,1332.86266205071,951.095805580459,1076.11006820976,25,1180.28771046613,1204.48636513023
"P2_Trial25.csv",291,2.9,1415.34192062356,1332.13617319657,957.861319328325,1072.16776855076,25,1186.60161997594,1202.15197087366
"P2_Trial25.csv",292,2.91,1421.1635342267,1331.36133007733,963.844485786789,1068.21388804725,25,1192.50401000675,1199.78760906229
"P2_Trial25.csv",293,2.92,1425.85942741862,1330.27366457564,970.385052568504,1064.05169754808,25,1198.12223999356,1197.16268106186
"P2_Trial25.csv",294,2.93,1431.12008445874,1328.98315324043,976.84158637216,1059.60958793043,25,1203.98083541545,1194.29637058543
"P2_Trial25.csv",295,2.94,1436.29541699937,1327.76890512892,983.433387971594,1054.69285040504,25,1209.86440248548,1191.23087776698
"P2_Trial25.csv",296,2.95,1441.3858282138,1326.58547668034,990.055616195988,1049.78837137338,25,1215.72072220489,1188.18692402686
"P2_Trial25.csv",297,2.96,1446.20619313807,1325.04384453648,996.630747716844,1044.37864972304,25,1221.41847042746,1184.71124712976
"P2_Trial25.csv",298,2.97,1451.22732290857,1323.1982475969,1004.0591489925,1038.55808795059,25,1227.64323595054,1180.87816777374
"P2_Trial25.csv",299,2.98,1455.77209560312,1321.09811476619,1010.9033681897,1032.90107771364,25,1233.33773189641,1176.99959623992
"P2_Trial25.csv",300,2.99,1460.48008203191,1319.4262069674,1018.39146460378,1026.89748061275,25,1239.43577331785,1173.16184379008
"P2_Trial25.csv",301,3,1465.1590813091,1317.44261986943,1025.95643328969,1020.69553590651,25,1245.5577572994,1169.06907788797
"P2_Trial25.csv",302,3.01,1469.96734195523,1315.25888354865,1033.32161718819,1014.38271307913,25,1251.64447957171,1164.82079831389
"P2_Trial25.csv",303,3.02,1475.10546397563,1312.76571846834,1041.08792326389,1007.94615486003,25,1258.09669361976,1160.35593666418
"P2_Trial25.csv",304,3.03,1479.89919346028,1309.9419284749,1049.0983166575,1001.20293452816,25,1264.49875505889,1155.57243150153
"P2_Trial25.csv",305,3.04,1484.82037525973,1307.14738479057,1056.97062111207,994.334661591325,25,1270.8954981859,1150.74102319095
"P2_Trial25.csv",306,3.05,1489.79945285278,1304.0115840403,1065.49073221728,986.936206451178,25,1277.64509253503,1145.47389524574
"P2_Trial25.csv",307,3.06,1494.49847359458,1300.4040811935,1073.44665424398,979.957445942134,25,1283.97256391928,1140.18076356782
"P2_Trial25.csv",308,3.07,1499.29376947128,1296.82949574888,1082.00221484974,972.771439461673,25,1290.64799216051,1134.80046760528
"P2_Trial25.csv",309,3.08,1503.0546397042,1294.71851202756,1090.60821595069,965.567896275392,25,1296.83142782744,1130.14320415148
"P2_Trial25.csv",310,3.09,1509.08711904003,1288.48419541829,1099.43212444629,958.137505331457,25,1304.25962174316,1123.31085037487
"P2_Trial25.csv",311,3.1,1514.45072894129,1284.42931861171,1109.08042299594,950.847162294872,25,1311.76557596862,1117.63824045329
"P2_Trial25.csv",312,3.11,1519.14891575876,1280.06888767626,1118.5928865511,943.95561905082,25,1318.87090115493,1112.01225336354
"P2_Trial25.csv",313,3.12,1524.46663150214,1276.40665356545,1127.50425488906,938.354701413677,25,1325.9854431956,1107.38067748957
"P2_Trial25.csv",314,3.13,1531.0341442056,1273.56714670238,1136.93945576881,932.724884550773,25,1333.9867999872,1103.14601562658
"P2_Trial25.csv",315,3.14,1538.30305300665,1271.81878226159,1146.30985860138,927.780885875422,25,1342.30645580402,1099.7998340685
"P2_Trial25.csv",316,3.15,1545.76533029026,1271.0391510247,1155.55040184236,923.751314983899,25,1350.65786606631,1097.3952330043
"P2_Trial25.csv",317,3.16,1553.03050820049,1271.08480785087,1165.03733714982,919.548075263895,25,1359.03392267516,1095.31644155738
"P2_Trial25.csv",318,3.17,1560.32244402631,1270.82405063963,1174.37345338236,916.509786911729,25,1367.34794870433,1093.66691877568
"P2_Trial25.csv",319,3.18,1566.58860345253,1271.40339304405,1183.88284699698,913.319058644532,25,1375.23572522475,1092.36122584429
"P2_Trial25.csv",320,3.19,1572.55639743383,1271.22014723341,1192.97791309392,910.61068913221,25,1382.76715526387,1090.91541818281
"P2_Trial25.csv",321,3.2,1578.20430901512,1271.04232750126,1201.84665402506,907.310811562612,25,1390.02548152009,1089.17656953194
"P2_Trial25.csv",322,3.21,1583.85240838384,1271.24294881329,1210.53819325876,904.240412961516,25,1397.1953008213,1087.7416808874
"P2_Trial25.csv",323,3.22,1589.1902245582,1271.09955231441,1219.40210066769,901.496158638643,25,1404.29616261295,1086.29785547653
"P2_Trial25.csv",324,3.23,1594.55985598986,1271.43985362917,1229.04787144483,898.418243784594,25,1411.80386371734,1084.92904870688
"P2_Trial25.csv",325,3.24,1600.43518012862,1272.38068764993,1239.20962829255,896.719733345575,25,1419.82240421058,1084.55021049775
"P2_Trial25.csv",326,3.25,1606.7191189798,1272.99079304747,1249.97499760141,895.296484341602,25,1428.34705829061,1084.14363869454
"P2_Trial25.csv",327,3.26,1613.66636845785,1274.21715437759,1260.95330915516,894.932639833328,25,1437.3098388065,1084.57489710546
"P2_Trial25.csv",328,3.27,1621.18799265949,1275.27487704397,1271.653036639,895.114707967033,25,1446.42051464925,1085.1947925055
"P2_Trial25.csv",329,3.28,1628.61744622936,1276.55731785983,1282.63043967795,896.090137434586,25,1455.62394295365,1086.32372764721
"P2_Trial25.csv",330,3.29,1636.10623108659,1277.51565989847,1293.2852415536,897.638763255789,25,1464.6957363201,1087.57721157713
"P2_Trial25.csv",331,3.3,1644.49763927206,1279.02296167528,1304.74295117704,899.179723693693,25,1474.62029522455,1089.10134268449
"P2_Trial25.csv",332,3.31,1652.26037575668,1280.59907928762,1315.28040273759,901.334263993561,25,1483.77038924714,1090.96667164059
"P2_Trial25.csv",333,3.32,1660.72565752969,1282.04643946065,1326.10360203853,903.201783048822,25,1493.41462978411,1092.62411125474
"P2_Trial25.csv",334,3.33,1668.63815765462,1283.27159022851,1336.34328320127,905.420246028888,25,1502.49072042794,1094.3459181287
"P2_Trial25.csv",335,3.34,1677.1183810894,1284.56342483539,1347.57200746195,906.949751234288,25,1512.34519427568,1095.75658803484
"P2_Trial25.csv",336,3.35,1685.47707388151,1285.2443509382,1357.60548062659,909.229007142834,25,1521.54127725405,1097.23667904052
"P2_Trial25.csv",337,3.36,1693.46936125862,1286.0303442053,1368.42147676861,911.115997355064,25,1530.94541901362,1098.57317078018
"P2_Trial25.csv",338,3.37,1701.15651565697,1285.94658799885,1379.34268966909,913.262286959478,25,1540.24960266303,1099.60443747917
"P2_Trial25.csv",339,3.38,1708.95620927211,1286.39533799305,1389.41335020108,916.140231156733,25,1549.18477973659,1101.26778457489
"P2_Trial25.csv",340,3.39,1716.62928473595,1285.91791066955,1400.02971093368,919.337870339323,25,1558.32949783482,1102.62789050444
"P2_Trial25.csv",341,3.4,1724.26896570559,1285.43124585389,1410.99555355271,922.146622429254,25,1567.63225962915,1103.78893414157
"P2_Trial25.csv",342,3.41,1731.57116117645,1284.95557685011,1421.86868544146,925.21197031495,25,1576.71992330896,1105.08377358253
"P2_Trial25.csv",343,3.42,1738.71646701125,1284.08863658222,1433.12970093006,927.768124934939,25,1585.92308397066,1105.92838075858
"P2_Trial25.csv",344,3.43,1746.28654385803,1282.97935299813,1444.12433214839,930.306399569242,25,1595.20543800321,1106.64287628368
"P2_Trial25.csv",345,3.44,1753.40357638724,1281.85982088144,1455.0177805639,932.43684706248,25,1604.21067847557,1107.14833397196
"P2_Trial25.csv",346,3.45,1761.03396250358,1280.67244766056,1465.73011933349,934.335999430366,25,1613.38204091854,1107.50422354546
"P2_Trial25.csv",347,3.46,1767.79342461106,1279.74630522686,1476.31910837878,936.251663323089,25,1622.05626649492,1107.99898427497
"P2_Trial25.csv",348,3.47,1775.07201324917,1278.38856208554,1486.45527410544,937.966215143112,25,1630.76364367731,1108.17738861433
"P2_Trial25.csv",349,3.48,1782.85915911073,1276.98595483173,1496.92209229256,939.151007917266,25,1639.89062570165,1108.0684813745
"P2_Trial25.csv",350,3.49,1790.32427770355,1275.17291222247,1507.45260277782,940.105665138709,25,1648.88844024068,1107.63928868059
"P2_Trial25.csv",351,3.5,1797.82141937249,1273.28631561795,1517.24701824686,940.129887912765,25,1657.53421880968,1106.70810176536
"P2_Trial25.csv",352,3.51,1805.98737895525,1271.31382612519,1527.08613620929,939.912742378431,25,1666.53675758227,1105.61328425181
"P2_Trial25.csv",353,3.52,1813.58001560629,1269.74435684564,1536.64064149468,939.236429780451,25,1675.11032855048,1104.49039331304
"P2_Trial25.csv",354,3.53,1821.44243176336,1267.46452890181,1547.14321409639,938.869761008663,25,1684.29282292987,1103.16714495523
"P2_Trial25.csv",355,3.54,1829.99768089674,1265.88076495025,1555.89096529228,937.499242140014,25,1692.94432309451,1101.69000354513
"P2_Trial25.csv",356,3.55,1838.54106975809,1263.99295268221,1565.55277053352,935.812632639633,25,1702.0469201458,1099.90279266092
"P2_Trial25.csv",357,3.56,1847.0436693625,1262.38071484217,1575.6557337918,934.753224744784,25,1711.34970157715,1098.56696979348
"P2_Trial25.csv",358,3.57,1855.75359353671,1260.53558876126,1585.83407385366,933.416660318266,25,1720.79383369518,1096.97612453976
"P2_Trial25.csv",359,3.58,1864.62865630433,1259.32832637001,1596.26357339132,931.88632131801,25,1730.44611484783,1095.60732384401
"P2_Trial25.csv",360,3.59,1874.21383207919,1257.86760612258,1607.23946756455,930.643678738615,25,1740.72664982187,1094.2556424306
"P2_Trial25.csv",361,3.6,1883.18476170359,1256.66488738018,1618.4111881202,929.00178664879,25,1750.7979749119,1092.83333701448
"P2_Trial25.csv",362,3.61,1893.05250393111,1256.05083236582,1630.14876181736,927.678619706522,25,1761.60063287423,1091.86472603617
"P2_Trial25.csv",363,3.62,1902.65033877574,1255.59316591145,1642.33354959182,926.250137994134,25,1772.49194418378,1090.92165195279
"P2_Trial25.csv",364,3.63,1912.48875246566,1255.57462358574,1654.9899964824,925.294111155208,25,1783.73937447403,1090.43436737048
"P2_Trial25.csv",365,3.64,1922.27714919562,1256.31193609233,1667.90282889656,924.446265144751,25,1795.08998904609,1090.37910061854
"P2_Trial25.csv",366,3.65,1932.18399327012,1256.59040213181,1681.25990917827,924.711683951896,25,1806.72195122419,1090.65104304186
"P2_Trial25.csv",367,3.66,1942.07190131481,1258.03579536218,1694.52232416121,926.120346065043,25,1818.29711273801,1092.07807071361
"P2_Trial25.csv",368,3.67,1952.68340720681,1259.83522735771,1708.61135258355,928.841400879248,25,1830.64737989518,1094.33831411848
"P2_Trial25.csv",369,3.68,1963.60395610831,1262.20856635897,1722.0978851772,932.28409897954,25,1842.85092064275,1097.24633266926
"P2_Trial25.csv",370,3.69,1974.53329519166,1264.53382134806,1736.23892284068,936.789500923909,25,1855.38610901617,1100.66166113598
"P2_Trial25.csv",371,3.7,1985.08648938596,1267.38695588859,1749.68567962142,940.675486178762,25,1867.38608450369,1104.03122103368
"P2_Trial25.csv",372,3.71,1995.5236529783,1270.33711012098,1763.16195287176,944.170019779139,25,1879.34280292503,1107.25356495006
"P2_Trial25.csv",373,3.72,2005.22359645114,1273.09794872633,1776.08109578356,948.14019836179,25,1890.65234611735,1110.61907354406
"P2_Trial25.csv",374,3.73,2014.46104180536,1275.66305483565,1788.81241635192,952.0362115516,25,1901.63672907864,1113.84963319363
"P2_Trial25.csv",375,3.74,2023.23189270886,1279.17401708709,1800.50644074007,955.342299558986,25,1911.86916672447,1117.25815832304
"P2_Trial25.csv",376,3.75,2032.39108557414,1282.22221812546,1812.98086619441,959.224163500107,25,1922.68597588428,1120.72319081278
"P2_Trial25.csv",377,3.76,2041.36483633026,1285.60485427885,1823.72949364501,962.583706981917,25,1932.54716498764,1124.09428063038
"P2_Trial25.csv",378,3.77,2050.58332582812,1289.72858757323,1835.28153525143,966.701448458897,25,1942.93243053977,1128.21501801606
"P2_Trial25.csv",379,3.78,2059.97946791198,1293.89142642644,1846.47263667237,971.304931641231,25,1953.22605229218,1132.59817903383
"P2_Trial25.csv",380,3.79,NA,NA,1858.357813134,977.084601677529,25,1858.357813134,977.084601677529
"P2_Trial25.csv",381,3.8,NA,NA,1868.3346395845,980.963433328017,25,1868.3346395845,980.963433328017
"P2_Trial25.csv",382,3.81,NA,NA,1878.82928187242,987.010661067351,25,1878.82928187242,987.010661067351
"P2_Trial25.csv",383,3.82,NA,NA,1889.1142465625,991.970673060354,25,1889.1142465625,991.970673060354
"P2_Trial25.csv",384,3.83,NA,NA,1900.50098197002,998.629899429911,25,1900.50098197002,998.629899429911
"P2_Trial25.csv",385,3.84,NA,NA,1910.22823976639,1004.09361849535,25,1910.22823976639,1004.09361849535
"P2_Trial25.csv",386,3.85,NA,NA,1919.88708427227,1009.31931221369,25,1919.88708427227,1009.31931221369
"P2_Trial25.csv",387,3.86,NA,NA,1929.381674321,1014.33061899787,25,1929.381674321,1014.33061899787
"P2_Trial25.csv",388,3.87,NA,NA,1938.39911279172,1018.31198232962,25,1938.39911279172,1018.31198232962
"P2_Trial25.csv",389,3.88,NA,NA,1947.08092615105,1022.51330677711,25,1947.08092615105,1022.51330677711
"P2_Trial25.csv",390,3.89,NA,NA,1956.09957892349,1026.65347492015,25,1956.09957892349,1026.65347492015
"P2_Trial25.csv",391,3.9,NA,NA,1964.44599642447,1029.65185071942,25,1964.44599642447,1029.65185071942
"P2_Trial25.csv",392,3.91,NA,NA,1972.00804218364,1032.40189400119,25,1972.00804218364,1032.40189400119
"P2_Trial25.csv",393,3.92,NA,NA,1979.72692735698,1034.60146550753,25,1979.72692735698,1034.60146550753
"P2_Trial25.csv",394,3.93,NA,NA,1986.77348982635,1036.95512010133,25,1986.77348982635,1036.95512010133
"P2_Trial25.csv",395,3.94,NA,NA,1993.58976070367,1038.76413345111,25,1993.58976070367,1038.76413345111
"P2_Trial25.csv",396,3.95,NA,NA,2000.65086805829,1040.59636584776,25,2000.65086805829,1040.59636584776
"P2_Trial25.csv",397,3.96,NA,NA,2008.10716485441,1042.86145256706,25,2008.10716485441,1042.86145256706
"P2_Trial25.csv",398,3.97,NA,NA,2014.22674848843,1043.57946141038,25,2014.22674848843,1043.57946141038
"P2_Trial25.csv",399,3.98,NA,NA,2021.49839405225,1046.34350925212,25,2021.49839405225,1046.34350925212
"P2_Trial25.csv",400,3.99,NA,NA,2028.19460000239,1047.86153517994,25,2028.19460000239,1047.86153517994
"P2_Trial25.csv",401,4,NA,NA,2034.46143788767,1049.54964906478,25,2034.46143788767,1049.54964906478
"P2_Trial25.csv",402,4.01,NA,NA,2041.73744354805,1051.50368005403,25,2041.73744354805,1051.50368005403
"P2_Trial25.csv",403,4.02,NA,NA,2048.09655892609,1052.97065587973,25,2048.09655892609,1052.97065587973
"P2_Trial25.csv",404,4.03,NA,NA,2055.2685406687,1055.74850127425,25,2055.2685406687,1055.74850127425
"P2_Trial25.csv",405,4.04,NA,NA,2063.10129339445,1057.95897568394,25,2063.10129339445,1057.95897568394
"P2_Trial25.csv",406,4.05,NA,NA,2070.8278273656,1060.39318682261,25,2070.8278273656,1060.39318682261
"P2_Trial25.csv",407,4.06,2396.73935551726,1457.7252448706,2079.25818437896,1063.22185198389,25,2237.99876994811,1260.47354842725
"P2_Trial25.csv",408,4.07,2406.34796060412,1462.12738765208,2086.92436618417,1064.59185968558,25,2246.63616339415,1263.35962366883
"P2_Trial25.csv",409,4.08,2414.12069776252,1465.43731207571,2093.65327652045,1066.23501539414,25,2253.88698714149,1265.83616373493
"P2_Trial25.csv",410,4.09,2423.12086600581,1469.2248792641,2102.02348327541,1068.43835820302,25,2262.57217464061,1268.83161873356
"P2_Trial25.csv",411,4.1,2432.05862972618,1473.00221009466,2110.22230010239,1070.71345752471,25,2271.14046491429,1271.85783380969
"P2_Trial25.csv",412,4.11,NA,NA,2118.01820673501,1072.37217951362,25,2118.01820673501,1072.37217951362
"P2_Trial25.csv",413,4.12,NA,NA,2126.23362487743,1074.976431769,25,2126.23362487743,1074.976431769
"P2_Trial25.csv",414,4.13,NA,NA,2134.69861035076,1077.42343815006,25,2134.69861035076,1077.42343815006
"P2_Trial25.csv",415,4.14,NA,NA,2143.19628002001,1079.92197523213,25,2143.19628002001,1079.92197523213
"P2_Trial25.csv",416,4.15,NA,NA,2150.98752377708,1082.1153949943,25,2150.98752377708,1082.1153949943
"P2_Trial25.csv",417,4.16,NA,NA,2157.32123017056,1083.66147986506,25,2157.32123017056,1083.66147986506
"P2_Trial25.csv",418,4.17,NA,NA,2165.88097675528,1086.28845699985,25,2165.88097675528,1086.28845699985
"P2_Trial25.csv",419,4.18,NA,NA,2173.89709438783,1088.84393943786,25,2173.89709438783,1088.84393943786
"P2_Trial25.csv",420,4.19,2491.13443505973,1485.36762487689,2180.65454319084,1090.33640408419,25,2335.89448912529,1287.85201448054
"P2_Trial25.csv",421,4.2,2494.59029451807,1484.19097768672,2189.03841300847,1093.11932928535,25,2341.81435376327,1288.65515348603
"P2_Trial25.csv",422,4.21,2498.70055081099,1483.3558491835,2196.72374510422,1095.46233424378,25,2347.7121479576,1289.40909171364
"P2_Trial25.csv",423,4.22,2501.54454394864,1481.49838458418,2205.57532952385,1098.25539638591,25,2353.55993673624,1289.87689048504
"P2_Trial25.csv",424,4.23,2505.30048283669,1479.87101156589,2216.22644160067,1101.85206559544,25,2360.76346221868,1290.86153858067
"P2_Trial25.csv",425,4.24,2507.21116847324,1477.24314170577,2224.67671827288,1104.36193832,25,2365.94394337306,1290.80254001289
"P2_Trial25.csv",426,4.25,2510.35661398519,1474.96031097851,2235.47984249221,1108.21607891659,25,2372.9182282387,1291.58819494755
"P2_Trial25.csv",427,4.26,2512.58577229966,1472.19322240662,2243.01918979894,1110.23422513458,25,2377.8024810493,1291.2137237706
"P2_Trial25.csv",428,4.27,2514.66655221848,1469.26857358964,2251.17618472101,1112.37262594929,25,2382.92136846975,1290.82059976947
"P2_Trial25.csv",429,4.28,2516.39190420005,1465.88690837505,2260.41797373208,1115.46454806976,25,2388.40493896607,1290.67572822241
"P2_Trial25.csv",430,4.29,2519.49115424497,1463.54848222491,2269.67289531099,1118.06790458167,25,2394.58202477798,1290.80819340329
"P2_Trial25.csv",431,4.3,2521.79518776662,1460.62500133302,2278.69846288358,1120.75894958544,25,2400.2468253251,1290.69197545923
"P2_Trial25.csv",432,4.31,2525.2858790705,1458.66289583347,2288.51653089422,1124.14722217639,25,2406.90120498236,1291.40505900493
"P2_Trial25.csv",433,4.32,2528.37848808326,1456.82259790408,2295.39414554392,1125.59420402808,25,2411.88631681359,1291.20840096608
"P2_Trial25.csv",434,4.33,2531.20612028858,1455.1094290986,2306.33251652708,1129.65554449917,25,2418.76931840783,1292.38248679889
"P2_Trial25.csv",435,4.34,2536.68121505168,1455.53169711118,2314.53351965198,1132.52565280601,25,2425.60736735183,1294.0286749586
"P2_Trial25.csv",436,4.35,2541.87867933415,1456.45689053622,2323.23385718321,1136.12425853687,25,2432.55626825868,1296.29057453655
"P2_Trial25.csv",437,4.36,2546.43759584139,1457.37323850421,2332.71663310271,1140.2397269162,25,2439.57711447205,1298.8064827102
"P2_Trial25.csv",438,4.37,2552.23651567833,1459.54135370044,2339.51164253916,1142.3197702411,25,2445.87407910874,1300.93056197077
"P2_Trial25.csv",439,4.38,2559.90722473336,1463.75879052505,2347.41063735083,1145.69046736919,25,2453.6589310421,1304.72462894712
"P2_Trial25.csv",440,4.39,2566.63435006749,1467.2434822333,2356.2867867697,1149.7342153705,25,2461.4605684186,1308.4888488019
"P2_Trial25.csv",441,4.4,2571.0152557103,1469.2924297949,NA,NA,25,2571.0152557103,1469.2924297949
"P2_Trial25.csv",442,4.41,2579.2442689316,1474.59997221738,NA,NA,25,2579.2442689316,1474.59997221738
"P2_Trial25.csv",443,4.42,2584.30541648597,1477.49096063453,NA,NA,25,2584.30541648597,1477.49096063453
"P2_Trial25.csv",444,4.43,2591.18500841556,1481.58533189522,NA,NA,25,2591.18500841556,1481.58533189522
"P2_Trial25.csv",445,4.44,2596.27230104148,1484.73167077504,NA,NA,25,2596.27230104148,1484.73167077504
"P2_Trial25.csv",446,4.45,2603.7045119591,1489.20981813599,NA,NA,25,2603.7045119591,1489.20981813599
"P2_Trial25.csv",447,4.46,NA,NA,NA,NA,25,NA,NA
"P2_Trial25.csv",448,4.47,NA,NA,NA,NA,25,NA,NA
"P2_Trial25.csv",449,4.48,NA,NA,NA,NA,25,NA,NA
"P2_Trial25.csv",450,4.49,NA,NA,NA,NA,25,NA,NA
"P2_Trial25.csv",451,4.5,NA,NA,NA,NA,25,NA,NA
"P2_Trial25.csv",452,4.51,NA,NA,NA,NA,25,NA,NA
"P2_Trial25.csv",453,4.52,NA,NA,NA,NA,25,NA,NA
"P2_Trial25.csv",454,4.53,NA,NA,NA,NA,25,NA,NA
"P2_Trial25.csv",455,4.54,NA,NA,NA,NA,25,NA,NA
"P2_Trial25.csv",456,4.55,NA,NA,NA,NA,25,NA,NA
"P2_Trial25.csv",457,4.56,NA,NA,NA,NA,25,NA,NA
"P2_Trial25.csv",458,4.57,NA,NA,NA,NA,25,NA,NA
"P2_Trial25.csv",459,4.58,NA,NA,NA,NA,25,NA,NA
"P2_Trial25.csv",460,4.59,NA,NA,NA,NA,25,NA,NA
"P2_Trial25.csv",461,4.6,NA,NA,NA,NA,25,NA,NA
"P2_Trial25.csv",462,4.61,NA,NA,NA,NA,25,NA,NA
"P2_Trial25.csv",463,4.62,NA,NA,NA,NA,25,NA,NA
"P2_Trial25.csv",464,4.63,NA,NA,NA,NA,25,NA,NA
"P2_Trial25.csv",465,4.64,NA,NA,NA,NA,25,NA,NA
"P2_Trial25.csv",466,4.65,NA,NA,NA,NA,25,NA,NA
"P2_Trial25.csv",467,4.66,NA,NA,NA,NA,25,NA,NA
"P2_Trial25.csv",468,4.67,NA,NA,NA,NA,25,NA,NA
"P2_Trial25.csv",469,4.68,NA,NA,NA,NA,25,NA,NA
"P2_Trial25.csv",470,4.69,NA,NA,NA,NA,25,NA,NA
"P2_Trial25.csv",471,4.7,NA,NA,NA,NA,25,NA,NA
"P2_Trial25.csv",472,4.71,NA,NA,NA,NA,25,NA,NA
"P2_Trial25.csv",473,4.72,NA,NA,NA,NA,25,NA,NA
"P2_Trial25.csv",474,4.73,NA,NA,NA,NA,25,NA,NA
"P2_Trial25.csv",475,4.74,NA,NA,NA,NA,25,NA,NA
"P2_Trial25.csv",476,4.75,NA,NA,NA,NA,25,NA,NA
"P2_Trial25.csv",477,4.76,NA,NA,NA,NA,25,NA,NA
"P2_Trial25.csv",478,4.77,NA,NA,NA,NA,25,NA,NA
"P2_Trial25.csv",479,4.78,NA,NA,NA,NA,25,NA,NA
"P2_Trial25.csv",480,4.79,NA,NA,NA,NA,25,NA,NA
"P2_Trial25.csv",481,4.8,NA,NA,NA,NA,25,NA,NA
"P2_Trial25.csv",482,4.81,NA,NA,NA,NA,25,NA,NA
"P2_Trial25.csv",483,4.82,NA,NA,NA,NA,25,NA,NA
"P2_Trial25.csv",484,4.83,NA,NA,NA,NA,25,NA,NA
"P2_Trial25.csv",485,4.84,NA,NA,NA,NA,25,NA,NA
"P2_Trial25.csv",486,4.85,NA,NA,NA,NA,25,NA,NA
"P2_Trial25.csv",487,4.86,NA,NA,NA,NA,25,NA,NA
"P2_Trial25.csv",488,4.87,NA,NA,NA,NA,25,NA,NA
"P2_Trial25.csv",489,4.88,NA,NA,NA,NA,25,NA,NA
"P2_Trial25.csv",490,4.89,NA,NA,NA,NA,25,NA,NA
"P2_Trial25.csv",491,4.9,NA,NA,NA,NA,25,NA,NA
"P2_Trial25.csv",492,4.91,NA,NA,NA,NA,25,NA,NA
"P2_Trial25.csv",493,4.92,NA,NA,NA,NA,25,NA,NA
"P2_Trial25.csv",494,4.93,NA,NA,NA,NA,25,NA,NA
"P2_Trial25.csv",495,4.94,NA,NA,NA,NA,25,NA,NA
"P2_Trial25.csv",496,4.95,NA,NA,NA,NA,25,NA,NA
"P2_Trial25.csv",497,4.96,NA,NA,NA,NA,25,NA,NA
"P2_Trial25.csv",498,4.97,NA,NA,NA,NA,25,NA,NA
"P2_Trial25.csv",499,4.98,NA,NA,NA,NA,25,NA,NA
"P2_Trial25.csv",500,4.99,NA,NA,NA,NA,25,NA,NA
"P2_Trial25.csv",501,5,NA,NA,NA,NA,25,NA,NA
"P2_Trial25.csv",502,5.01,NA,NA,NA,NA,25,NA,NA
"P2_Trial25.csv",503,5.02,NA,NA,NA,NA,25,NA,NA
"P2_Trial25.csv",504,5.03,NA,NA,NA,NA,25,NA,NA
"P2_Trial25.csv",505,5.04,NA,NA,NA,NA,25,NA,NA
"P2_Trial25.csv",506,5.05,NA,NA,NA,NA,25,NA,NA
"P2_Trial25.csv",507,5.06,NA,NA,NA,NA,25,NA,NA
"P2_Trial25.csv",508,5.07,NA,NA,NA,NA,25,NA,NA
"P2_Trial25.csv",509,5.08,NA,NA,NA,NA,25,NA,NA
"P2_Trial25.csv",510,5.09,NA,NA,NA,NA,25,NA,NA
"P2_Trial25.csv",511,5.1,NA,NA,NA,NA,25,NA,NA
"P2_Trial25.csv",512,5.11,NA,NA,NA,NA,25,NA,NA
"P2_Trial25.csv",513,5.12,NA,NA,NA,NA,25,NA,NA
"P2_Trial25.csv",514,5.13,NA,NA,NA,NA,25,NA,NA
"P2_Trial25.csv",515,5.14,NA,NA,NA,NA,25,NA,NA
"P2_Trial25.csv",516,5.15,NA,NA,NA,NA,25,NA,NA
"P2_Trial25.csv",517,5.16,NA,NA,NA,NA,25,NA,NA
"P2_Trial25.csv",518,5.17,NA,NA,NA,NA,25,NA,NA
"P2_Trial25.csv",519,5.18,NA,NA,NA,NA,25,NA,NA
"P2_Trial25.csv",520,5.19,NA,NA,NA,NA,25,NA,NA
"P2_Trial25.csv",521,5.2,NA,NA,NA,NA,25,NA,NA
"P2_Trial25.csv",522,5.21,NA,NA,NA,NA,25,NA,NA
"P2_Trial25.csv",523,5.22,NA,NA,NA,NA,25,NA,NA
"P2_Trial25.csv",524,5.23,NA,NA,NA,NA,25,NA,NA
"P2_Trial25.csv",525,5.24,NA,NA,NA,NA,25,NA,NA
"P2_Trial25.csv",526,5.25,NA,NA,NA,NA,25,NA,NA
"P2_Trial25.csv",527,5.26,NA,NA,NA,NA,25,NA,NA
"P2_Trial25.csv",528,5.27,NA,NA,NA,NA,25,NA,NA
"P2_Trial25.csv",529,5.28,NA,NA,NA,NA,25,NA,NA
