"Participant","from","to","metric","p","d","mean_from","mean_to","delta","p_adj"
"P1.2","c1","c2","mean_dist_A",NA,NA,NA,NA,NA,NA
"P1.2","c2","c3","mean_dist_A",NA,NA,NA,NA,NA,NA
"P1.2","c3","c4","mean_dist_A",NA,NA,NA,NA,NA,NA
"P1.2","c4","c5","mean_dist_A",NA,NA,NA,NA,NA,NA
"P1.2","c5","c6","mean_dist_A",NA,NA,NA,NA,NA,NA
"P1.2","c6","c7","mean_dist_A",NA,NA,NA,NA,NA,NA
"P1.2","c7","c8","mean_dist_A",NA,NA,NA,NA,NA,NA
"P1.2","c8","c9","mean_dist_A",NA,NA,NA,NA,NA,NA
"P1.2","c9","c10","mean_dist_A",NA,NA,NA,NA,NA,NA
"P1.2","c10","c11","mean_dist_A",NA,NA,NA,NA,NA,NA
"P1.2","c11","c12","mean_dist_A",NA,NA,NA,NA,NA,NA
"P2","c1","c2","mean_dist_A",0.382702878026119,-0.801030045381838,1547.2540936504,1593.80876703727,46.5546733868698,0.701621943047885
"P2","c2","c3","mean_dist_A",0.208155575885965,1.43720483141985,1593.80876703727,1536.52099105391,-57.2877759833523,0.60195274680994
"P2","c3","c4","mean_dist_A",0.0171008450694325,-3.62787620138,1536.52099105391,1598.91240284302,62.3914117891086,0.188109295763757
"P2","c4","c5","mean_dist_A",0.658616357436103,-0.413158871298198,1598.91240284302,1625.24240496674,26.3300021237187,0.80497554797746
"P2","c5","c6","mean_dist_A",0.308828967620343,0.963488878338073,1625.24240496674,1551.16001814291,-74.0823868238333,0.679423728764754
"P2","c6","c7","mean_dist_A",0.961601468922234,0.0427035166973061,1551.16001814291,1546.89087210492,-4.26914603798377,0.961601468922234
"P2","c7","c8","mean_dist_A",0.654053955593048,0.398677222631882,1546.89087210492,1503.86917289954,-43.0216992053843,0.80497554797746
"P2","c8","c9","mean_dist_A",0.76527401077535,-0.276048818194473,1503.86917289954,1521.04472426875,17.1755513692094,0.841801411852886
"P2","c9","c10","mean_dist_A",0.644954487686102,-0.429477511931596,1521.04472426875,1540.72040784407,19.6756835753208,0.80497554797746
"P2","c10","c11","mean_dist_A",0.218891907930887,2.06512138773672,1540.72040784407,1382.48955123955,-158.230856604524,0.60195274680994
"P2","c11","c12","mean_dist_A",0.211031429324272,-1.39690880363479,1382.48955123955,1546.89087210492,164.401320865378,0.60195274680994
"P1.2","c1","c2","mean_dist_B",NA,NA,NA,NA,NA,NA
"P1.2","c2","c3","mean_dist_B",NA,NA,NA,NA,NA,NA
"P1.2","c3","c4","mean_dist_B",NA,NA,NA,NA,NA,NA
"P1.2","c4","c5","mean_dist_B",NA,NA,NA,NA,NA,NA
"P1.2","c5","c6","mean_dist_B",NA,NA,NA,NA,NA,NA
"P1.2","c6","c7","mean_dist_B",NA,NA,NA,NA,NA,NA
"P1.2","c7","c8","mean_dist_B",NA,NA,NA,NA,NA,NA
"P1.2","c8","c9","mean_dist_B",NA,NA,NA,NA,NA,NA
"P1.2","c9","c10","mean_dist_B",NA,NA,NA,NA,NA,NA
"P1.2","c10","c11","mean_dist_B",NA,NA,NA,NA,NA,NA
"P1.2","c11","c12","mean_dist_B",NA,NA,NA,NA,NA,NA
"P2","c1","c2","mean_dist_B",0.554763210948753,-0.545152509519951,1455.80044380925,1564.62717762167,108.826733812424,0.990707155403237
"P2","c2","c3","mean_dist_B",0.900642868548397,-0.109230479209675,1564.62717762167,1589.00841060091,24.3812329792418,0.990707155403237
"P2","c3","c4","mean_dist_B",0.742340316135806,0.289124000495451,1589.00841060091,1541.53627517806,-47.4721354228484,0.990707155403237
"P2","c4","c5","mean_dist_B",0.867289230580091,-0.145733681135659,1541.53627517806,1564.19603338241,22.6597582043421,0.990707155403237
"P2","c5","c6","mean_dist_B",0.541618814405552,0.570381064714227,1564.19603338241,1490.75800084766,-73.4380325347465,0.990707155403237
"P2","c6","c7","mean_dist_B",0.175561573972807,-1.52383794958078,1490.75800084766,1701.67084186713,210.912841019468,0.990707155403237
"P2","c7","c8","mean_dist_B",0.220996517532915,1.18344126806738,1701.67084186713,1489.67069888235,-212.000142984779,0.990707155403237
"P2","c8","c9","mean_dist_B",0.994025968345777,-0.00654331113652464,1489.67069888235,1490.66582083551,0.995121953165835,0.994025968345777
"P2","c9","c10","mean_dist_B",0.457840181438463,-0.694187370011779,1490.66582083551,1560.1060890314,69.4402681958868,0.990707155403237
"P2","c10","c11","mean_dist_B",0.582831656034395,-0.911632773410914,1560.1060890314,1763.62534234222,203.51925331082,0.990707155403237
"P2","c11","c12","mean_dist_B",0.857028129475208,0.234950762817652,1763.62534234222,1701.67084186713,-61.9545004750939,0.990707155403237
"P1.2","c1","c2","DistAminusB",NA,NA,NA,NA,NA,NA
"P1.2","c2","c3","DistAminusB",NA,NA,NA,NA,NA,NA
"P1.2","c3","c4","DistAminusB",NA,NA,NA,NA,NA,NA
"P1.2","c4","c5","DistAminusB",NA,NA,NA,NA,NA,NA
"P1.2","c5","c6","DistAminusB",NA,NA,NA,NA,NA,NA
"P1.2","c6","c7","DistAminusB",NA,NA,NA,NA,NA,NA
"P1.2","c7","c8","DistAminusB",NA,NA,NA,NA,NA,NA
"P1.2","c8","c9","DistAminusB",NA,NA,NA,NA,NA,NA
"P1.2","c9","c10","DistAminusB",NA,NA,NA,NA,NA,NA
"P1.2","c10","c11","DistAminusB",NA,NA,NA,NA,NA,NA
"P1.2","c11","c12","DistAminusB",NA,NA,NA,NA,NA,NA
"P2","c1","c2","DistAminusB",0.651916299920402,0.419420807742384,91.4536498411497,29.1815894155955,-62.2720604255542,0.896384912390553
"P2","c2","c3","DistAminusB",0.622558419192022,0.435652471541979,29.1815894155955,-52.4874195469985,-81.669008962594,0.896384912390553
"P2","c3","c4","DistAminusB",0.458182402949778,-0.670431275957444,-52.4874195469985,57.3761276649583,109.863547211957,0.896384912390553
"P2","c4","c5","DistAminusB",0.97729203447982,-0.024738593366964,57.3761276649583,61.046371584335,3.67024391937662,0.994695713071656
"P2","c5","c6","DistAminusB",0.994695713071656,0.00594888798186002,61.046371584335,60.4020172952483,-0.644354289086635,0.994695713071656
"P2","c6","c7","DistAminusB",0.337905986463707,0.999297839107062,60.4020172952483,-154.779969762204,-215.181987057452,0.896384912390553
"P2","c7","c8","DistAminusB",0.450797377984581,-0.703512606728938,-154.779969762204,14.1984740171906,168.978443779395,0.896384912390553
"P2","c8","c9","DistAminusB",0.897433510980994,-0.112583981548539,14.1984740171906,30.3789034332341,16.1804294160436,0.994695713071656
"P2","c9","c10","DistAminusB",0.557047262178119,0.569532688800881,30.3789034332341,-19.3856811873318,-49.7645846205659,0.896384912390553
"P2","c10","c11","DistAminusB",0.315265827640957,2.26406695498903,-19.3856811873318,-381.135791102675,-361.750109915344,0.896384912390553
"P2","c11","c12","DistAminusB",0.462561268753082,-0.776420260052718,-381.135791102675,-154.779969762204,226.355821340471,0.896384912390553
