"TrialNum","SourceFile","n_frames","mean_visible_markers","mean_dist_A","mean_dist_B","ConditionID","Mode","Composition","Collider","Participant","DistAminusB","ConditionKey"
5,"P2_Trial5_raw.csv",1110,16.1315315315315,1312.35595559107,1497.99132399163,"C1","VR","2R0V","0","P2",-185.635368400563,"VR_2R0V_C0"
6,"P2_Trial6_raw.csv",1009,9.83349851337958,1452.62314688802,2029.25936069281,"C1","VR","2R0V","0","P2",-576.636213804788,"VR_2R0V_C0"
7,"P2_Trial7_raw.csv",784,13.7806122448979,1581.14410540118,1609.74967220598,"C2","VR","2R0V","2","P2",-28.6055668048014,"VR_2R0V_C2"
8,"P2_Trial8_raw.csv",932,14.6180257510729,1468.9159369657,1486.81762960994,"C2","VR","2R0V","2","P2",-17.9016926442437,"VR_2R0V_C2"
9,"P2_Trial9_raw.csv",622,14.2974276527331,1572.10118116533,1583.75096527828,"C2","VR","2R0V","2","P2",-11.6497841129503,"VR_2R0V_C2"
10,"P2_Trial10_raw.csv",837,10.4384707287933,1474.80539928696,1886.56970273484,"C3","VR","2R0V","1","P2",-411.764303447881,"VR_2R0V_C1"
11,"P2_Trial11_raw.csv",1163,11.4316423043852,1692.29642166081,1519.23460756678,"C3","VR","2R0V","1","P2",173.06181409403,"VR_2R0V_C1"
12,"P2_Trial12_raw.csv",653,11.114854517611,1473.570795367,1699.20821529976,"C3","VR","2R0V","1","P2",-225.637419932761,"VR_2R0V_C1"
13,"P2_Trial13_raw.csv",567,12.7848324514991,1576.26736783326,1681.95156757005,"C4","AR","1R1V","2","P2",-105.68419973679,"AR_1R1V_C2"
14,"P2_Trial14_raw.csv",781,14.0192061459667,1603.50888179954,1400.7122768214,"C4","AR","1R1V","2","P2",202.796604978149,"AR_1R1V_C2"
15,"P2_Trial15_raw.csv",440,14.6954545454545,1616.96095889626,1541.94498114274,"C4","AR","1R1V","2","P2",75.0159777535159,"AR_1R1V_C2"
16,"P2_Trial16_raw.csv",483,13.2650103519669,1610.26013770099,1585.5166593197,"C5","AR","0R2V","1","P2",24.7434783812919,"AR_0R2V_C1"
17,"P2_Trial17_raw.csv",1033,15.2604065827687,1488.14375742376,1351.17264457518,"C5","AR","0R2V","1","P2",136.971112848575,"AR_0R2V_C1"
18,"P2_Trial18_raw.csv",433,14.2332563510393,1543.35838582644,1430.71202753285,"C5","AR","0R2V","1","P2",112.646358293582,"AR_0R2V_C1"
19,"P2_Trial19_raw.csv",540,13.9833333333333,1600.29025033798,1475.20806092122,"C6","AR","2R0V","2","P2",125.082189416762,"AR_2R0V_C2"
20,"P2_Trial20_raw.csv",787,14.9224904701398,1478.41905415014,1432.24255645188,"C6","AR","2R0V","2","P2",46.1764976982608,"AR_2R0V_C2"
21,"P2_Trial21_raw.csv",600,10.79,1574.7707499406,1564.82338516988,"C6","AR","2R0V","2","P2",9.94736477072206,"AR_2R0V_C2"
22,"P2_Trial22_raw.csv",624,13.1955128205128,1592.18056889091,1591.96804578481,"C7","AR","2R0V","0","P2",0.212523106099297,"AR_2R0V_C0"
23,"P2_Trial23_raw.csv",1217,14.6754313886606,1539.7225077485,1296.12491489833,"C7","AR","2R0V","0","P2",243.597592850169,"AR_2R0V_C0"
24,"P2_Trial24_raw.csv",597,11.142378559464,1649.52322447238,1805.78857218187,"C7","AR","2R0V","0","P2",-156.265347709482,"AR_2R0V_C0"
25,"P2_Trial25_raw.csv",529,12.9621928166352,1541.98602550159,1631.62274406705,"C8","AR","1R1V","0","P2",-89.636718565454,"AR_1R1V_C0"
26,"P2_Trial26_raw.csv",948,12.3270042194093,1521.98637971026,1386.64135632554,"C8","AR","1R1V","0","P2",135.345023384715,"AR_1R1V_C0"
27,"P2_Trial27_raw.csv",501,12.1377245508982,1545.59056794989,1748.76113141014,"C8","AR","1R1V","0","P2",-203.170563460256,"AR_1R1V_C0"
28,"P2_Trial28_raw.csv",472,14.1165254237288,1536.19293663051,1608.10056326749,"C9","AR","0R2V","2","P2",-71.9076266369723,"AR_0R2V_C2"
29,"P2_Trial29_raw.csv",762,12.8700787401575,1525.22725340772,1357.97657973893,"C9","AR","0R2V","2","P2",167.250673668793,"AR_0R2V_C2"
30,"P2_Trial30_raw.csv",591,13.6937394247039,1501.71398276801,1505.92031950013,"C9","AR","0R2V","2","P2",-4.20633673211864,"AR_0R2V_C2"
31,"P2_Trial31_raw.csv",812,10.3374384236453,1725.07362257999,1697.26263317513,"C10","AR","0R2V","0","P2",27.8109894048589,"AR_0R2V_C0"
32,"P2_Trial32_raw.csv",1499,13.0166777851902,1590.09520601783,1373.97504938728,"C10","AR","0R2V","0","P2",216.120156630548,"AR_0R2V_C0"
33,"P2_Trial33_raw.csv",556,11.3741007194245,1560.5583863024,1621.35041758481,"C10","AR","0R2V","0","P2",-60.7920312824024,"AR_0R2V_C0"
34,"P2_Trial34_raw.csv",663,10.7058823529412,1619.36920730356,1748.86070772487,"C11","AR","2R0V","1","P2",-129.491500421306,"AR_2R0V_C1"
35,"P2_Trial35_raw.csv",1148,12.8719512195123,1618.94477886059,1298.09766587294,"C11","AR","2R0V","1","P2",320.847112987647,"AR_2R0V_C1"
36,"P2_Trial36_raw.csv",641,12.6396255850234,1492.55658923123,1546.57530921485,"C11","AR","2R0V","1","P2",-54.0187199836212,"AR_2R0V_C1"
37,"P2_Trial37_raw.csv",563,13.5044404973357,1456.98018858211,1616.14714258501,"C12","AR","1R1V","1","P2",-159.166954002898,"AR_1R1V_C1"
38,"P2_Trial38_raw.csv",1099,13.8544131028208,1451.26618895628,1290.61708459843,"C12","AR","1R1V","1","P2",160.649104357844,"AR_1R1V_C1"
39,"P2_Trial39_raw.csv",539,14.6586270871985,1603.36114116023,1562.24786946361,"C12","AR","1R1V","1","P2",41.1132716966256,"AR_1R1V_C1"
5,"P2_Trial5_raw.csv",1110,16.1315315315315,1312.35595559107,1497.99132399163,"C7","AR","2R0V","0","P1.2",-185.635368400563,"AR_2R0V_C0"
6,"P2_Trial6_raw.csv",1009,9.83349851337958,1452.62314688802,2029.25936069281,"C7","AR","2R0V","0","P1.2",-576.636213804788,"AR_2R0V_C0"
7,"P2_Trial7_raw.csv",784,13.7806122448979,1581.14410540118,1609.74967220598,"C8","AR","1R1V","0","P1.2",-28.6055668048014,"AR_1R1V_C0"
8,"P2_Trial8_raw.csv",932,14.6180257510729,1468.9159369657,1486.81762960994,"C8","AR","1R1V","0","P1.2",-17.9016926442437,"AR_1R1V_C0"
9,"P2_Trial9_raw.csv",622,14.2974276527331,1572.10118116533,1583.75096527828,"C8","AR","1R1V","0","P1.2",-11.6497841129503,"AR_1R1V_C0"
10,"P2_Trial10_raw.csv",837,10.4384707287933,1474.80539928696,1886.56970273484,"C4","AR","1R1V","2","P1.2",-411.764303447881,"AR_1R1V_C2"
11,"P2_Trial11_raw.csv",1163,11.4316423043852,1692.29642166081,1519.23460756678,"C4","AR","1R1V","2","P1.2",173.06181409403,"AR_1R1V_C2"
12,"P2_Trial12_raw.csv",653,11.114854517611,1473.570795367,1699.20821529976,"C4","AR","1R1V","2","P1.2",-225.637419932761,"AR_1R1V_C2"
13,"P2_Trial13_raw.csv",567,12.7848324514991,1576.26736783326,1681.95156757005,"C10","AR","0R2V","0","P1.2",-105.68419973679,"AR_0R2V_C0"
14,"P2_Trial14_raw.csv",781,14.0192061459667,1603.50888179954,1400.7122768214,"C10","AR","0R2V","0","P1.2",202.796604978149,"AR_0R2V_C0"
15,"P2_Trial15_raw.csv",440,14.6954545454545,1616.96095889626,1541.94498114274,"C10","AR","0R2V","0","P1.2",75.0159777535159,"AR_0R2V_C0"
16,"P2_Trial16_raw.csv",483,13.2650103519669,1610.26013770099,1585.5166593197,"C6","AR","2R0V","2","P1.2",24.7434783812919,"AR_2R0V_C2"
17,"P2_Trial17_raw.csv",1033,15.2604065827687,1488.14375742376,1351.17264457518,"C6","AR","2R0V","2","P1.2",136.971112848575,"AR_2R0V_C2"
18,"P2_Trial18_raw.csv",433,14.2332563510393,1543.35838582644,1430.71202753285,"C6","AR","2R0V","2","P1.2",112.646358293582,"AR_2R0V_C2"
19,"P2_Trial19_raw.csv",540,13.9833333333333,1600.29025033798,1475.20806092122,"C11","AR","2R0V","1","P1.2",125.082189416762,"AR_2R0V_C1"
20,"P2_Trial20_raw.csv",787,14.9224904701398,1478.41905415014,1432.24255645188,"C11","AR","2R0V","1","P1.2",46.1764976982608,"AR_2R0V_C1"
21,"P2_Trial21_raw.csv",600,10.79,1574.7707499406,1564.82338516988,"C11","AR","2R0V","1","P1.2",9.94736477072206,"AR_2R0V_C1"
23,"P2_Trial23_raw.csv",1217,14.6754313886606,1539.7225077485,1296.12491489833,"C12","AR","1R1V","1","P1.2",243.597592850169,"AR_1R1V_C1"
24,"P2_Trial24_raw.csv",597,11.142378559464,1649.52322447238,1805.78857218187,"C12","AR","1R1V","1","P1.2",-156.265347709482,"AR_1R1V_C1"
25,"P2_Trial25_raw.csv",529,12.9621928166352,1541.98602550159,1631.62274406705,"C12","AR","1R1V","1","P1.2",-89.636718565454,"AR_1R1V_C1"
26,"P2_Trial26_raw.csv",948,12.3270042194093,1521.98637971026,1386.64135632554,"C9","AR","0R2V","2","P1.2",135.345023384715,"AR_0R2V_C2"
27,"P2_Trial27_raw.csv",501,12.1377245508982,1545.59056794989,1748.76113141014,"C9","AR","0R2V","2","P1.2",-203.170563460256,"AR_0R2V_C2"
28,"P2_Trial28_raw.csv",472,14.1165254237288,1536.19293663051,1608.10056326749,"C9","AR","0R2V","2","P1.2",-71.9076266369723,"AR_0R2V_C2"
29,"P2_Trial29_raw.csv",762,12.8700787401575,1525.22725340772,1357.97657973893,"C2","VR","2R0V","2","P1.2",167.250673668793,"VR_2R0V_C2"
30,"P2_Trial30_raw.csv",591,13.6937394247039,1501.71398276801,1505.92031950013,"C2","VR","2R0V","2","P1.2",-4.20633673211864,"VR_2R0V_C2"
31,"P2_Trial31_raw.csv",812,10.3374384236453,1725.07362257999,1697.26263317513,"C2","VR","2R0V","2","P1.2",27.8109894048589,"VR_2R0V_C2"
32,"P2_Trial32_raw.csv",1499,13.0166777851902,1590.09520601783,1373.97504938728,"C1","VR","2R0V","0","P1.2",216.120156630548,"VR_2R0V_C0"
33,"P2_Trial33_raw.csv",556,11.3741007194245,1560.5583863024,1621.35041758481,"C1","VR","2R0V","0","P1.2",-60.7920312824024,"VR_2R0V_C0"
34,"P2_Trial34_raw.csv",663,10.7058823529412,1619.36920730356,1748.86070772487,"C1","VR","2R0V","0","P1.2",-129.491500421306,"VR_2R0V_C0"
35,"P2_Trial35_raw.csv",1148,12.8719512195123,1618.94477886059,1298.09766587294,"C3","VR","2R0V","1","P1.2",320.847112987647,"VR_2R0V_C1"
36,"P2_Trial36_raw.csv",641,12.6396255850234,1492.55658923123,1546.57530921485,"C3","VR","2R0V","1","P1.2",-54.0187199836212,"VR_2R0V_C1"
37,"P2_Trial37_raw.csv",563,13.5044404973357,1456.98018858211,1616.14714258501,"C3","VR","2R0V","1","P1.2",-159.166954002898,"VR_2R0V_C1"
