"Participant","TrialNum","File"
"P1.2",1,"P1.2Trial1_raw.csv"
"P1.2",2,"P1.2Trial2_raw.csv"
"P1.2",3,"P1.2Trial3_raw.csv"
"P1.2",4,"P1.2Trial4_raw.csv"
"P1.2",5,"P1.2Trial5_raw.csv"
"P1.2",6,"P1.2Trial6_raw.csv"
"P1.2",7,"P1.2Trial7_raw.csv"
"P1.2",8,"P1.2Trial8_raw.csv"
"P1.2",9,"P1.2Trial9_raw.csv"
"P1.2",10,"P1.2Trial10_raw.csv"
"P1.2",11,"P1.2Trial11_raw.csv"
"P1.2",12,"P1.2Trial12_raw.csv"
"P1.2",13,"P1.2Trial13_raw.csv"
"P1.2",14,"P1.2Trial14_raw.csv"
"P1.2",15,"P1.2Trial15_raw.csv"
"P1.2",16,"P1.2Trial16_raw.csv"
"P1.2",17,"P1.2Trial17_raw.csv"
"P1.2",18,"P1.2Trial18_raw.csv"
"P1.2",19,"P1.2Trial19_raw.csv"
"P1.2",20,"P1.2Trial20_raw.csv"
"P1.2",21,"P1.2Trial21_raw.csv"
"P1.2",23,"P1.2Trial23_raw.csv"
"P1.2",24,"P1.2Trial24_raw.csv"
"P1.2",25,"P1.2Trial25_raw.csv"
"P1.2",26,"P1.2Trial26_raw.csv"
"P1.2",27,"P1.2Trial27_raw.csv"
"P1.2",28,"P1.2Trial28_raw.csv"
"P1.2",29,"P1.2Trial29_raw.csv"
"P1.2",30,"P1.2Trial30_raw.csv"
"P1.2",31,"P1.2Trial31_raw.csv"
"P1.2",32,"P1.2Trial32_raw.csv"
"P1.2",33,"P1.2Trial33_raw.csv"
"P1.2",34,"P1.2Trial34_raw.csv"
"P1.2",35,"P1.2Trial35_raw.csv"
"P1.2",36,"P1.2Trial36_raw.csv"
"P1.2",37,"P1.2Trial37_raw.csv"
"P2",5,"P2_Trial5_raw.csv"
"P2",6,"P2_Trial6_raw.csv"
"P2",7,"P2_Trial7_raw.csv"
"P2",8,"P2_Trial8_raw.csv"
"P2",9,"P2_Trial9_raw.csv"
"P2",10,"P2_Trial10_raw.csv"
"P2",11,"P2_Trial11_raw.csv"
"P2",12,"P2_Trial12_raw.csv"
"P2",13,"P2_Trial13_raw.csv"
"P2",14,"P2_Trial14_raw.csv"
"P2",15,"P2_Trial15_raw.csv"
"P2",16,"P2_Trial16_raw.csv"
"P2",17,"P2_Trial17_raw.csv"
"P2",18,"P2_Trial18_raw.csv"
"P2",19,"P2_Trial19_raw.csv"
"P2",20,"P2_Trial20_raw.csv"
"P2",21,"P2_Trial21_raw.csv"
"P2",22,"P2_Trial22_raw.csv"
"P2",23,"P2_Trial23_raw.csv"
"P2",24,"P2_Trial24_raw.csv"
"P2",25,"P2_Trial25_raw.csv"
"P2",26,"P2_Trial26_raw.csv"
"P2",27,"P2_Trial27_raw.csv"
"P2",28,"P2_Trial28_raw.csv"
"P2",29,"P2_Trial29_raw.csv"
"P2",30,"P2_Trial30_raw.csv"
"P2",31,"P2_Trial31_raw.csv"
"P2",32,"P2_Trial32_raw.csv"
"P2",33,"P2_Trial33_raw.csv"
"P2",34,"P2_Trial34_raw.csv"
"P2",35,"P2_Trial35_raw.csv"
"P2",36,"P2_Trial36_raw.csv"
"P2",37,"P2_Trial37_raw.csv"
"P2",38,"P2_Trial38_raw.csv"
"P2",39,"P2_Trial39_raw.csv"
"P2",40,"P2_Trial40_raw.csv"
"P3",2,"P3_2_raw.csv"
"P3",3,"P3_3_raw.csv"
"P3",4,"P3_4_raw.csv"
"P3",5,"P3_5_raw.csv"
"P3",6,"P3_6_raw.csv"
"P3",7,"P3_7_raw.csv"
"P3",8,"P3_8_raw.csv"
"P3",9,"P3_9_raw.csv"
"P3",10,"P3_10_raw.csv"
"P3",11,"P3_11_raw.csv"
"P3",12,"P3_12_raw.csv"
"P3",13,"P3_13_raw.csv"
"P3",14,"P3_14_raw.csv"
"P3",15,"P3_15_raw.csv"
"P3",16,"P3_16_raw.csv"
"P3",17,"P3_17_raw.csv"
"P3",18,"P3_18_raw.csv"
"P3",19,"P3_19_raw.csv"
"P3",20,"P3_20_raw.csv"
"P3",21,"P3_21_raw.csv"
"P3",22,"P3_22_raw.csv"
"P3",23,"P3_23_raw.csv"
"P3",24,"P3_24_raw.csv"
"P3",25,"P3_25_raw.csv"
"P3",26,"P3_26_raw.csv"
"P3",27,"P3_27_raw.csv"
"P3",28,"P3_28_raw.csv"
"P3",29,"P3_29_raw.csv"
"P3",30,"P3_30_raw.csv"
"P3",31,"P3_31_raw.csv"
"P3",32,"P3_32_raw.csv"
"P3",33,"P3_33_raw.csv"
"P3",34,"P3_34_raw.csv"
"P3",35,"P3_35_raw.csv"
"P3",36,"P3_36_raw.csv"
"P3",37,"P3_37_raw.csv"
