"File","Reason"
"P2_Trial5.trc","cannot open the connection"
"P2_Trial6.trc","cannot open the connection"
"P2_Trial7.trc","cannot open the connection"
"P2_Trial8.trc","cannot open the connection"
"P2_Trial9.trc","cannot open the connection"
"P2_Trial10.trc","cannot open the connection"
"P2_Trial11.trc","cannot open the connection"
"P2_Trial12.trc","cannot open the connection"
"P2_Trial13.trc","cannot open the connection"
"P2_Trial14.trc","cannot open the connection"
"P2_Trial15.trc","cannot open the connection"
"P2_Trial16.trc","cannot open the connection"
"P2_Trial17.trc","cannot open the connection"
"P2_Trial18.trc","cannot open the connection"
"P2_Trial19.trc","cannot open the connection"
"P2_Trial20.trc","cannot open the connection"
"P2_Trial21.trc","cannot open the connection"
"P2_Trial22.trc","cannot open the connection"
"P2_Trial23.trc","cannot open the connection"
"P2_Trial24.trc","cannot open the connection"
"P2_Trial25.trc","cannot open the connection"
"P2_Trial26.trc","cannot open the connection"
"P2_Trial27.trc","cannot open the connection"
"P2_Trial28.trc","cannot open the connection"
"P2_Trial29.trc","cannot open the connection"
"P2_Trial30.trc","cannot open the connection"
"P2_Trial31.trc","cannot open the connection"
"P2_Trial32.trc","cannot open the connection"
"P2_Trial33.trc","cannot open the connection"
"P2_Trial34.trc","cannot open the connection"
"P2_Trial35.trc","cannot open the connection"
"P2_Trial36.trc","cannot open the connection"
"P2_Trial37.trc","cannot open the connection"
"P2_Trial38.trc","cannot open the connection"
"P2_Trial39.trc","cannot open the connection"
"P2_Trial40.trc","cannot open the connection"
